Name,Information,Special Price,Old Price,Save
2022-2023 Madrid Concept Training Shirt (White),https://www.uksoccershop.com/p-138889/2019-2020-madrid-concept-training-shirt-white.html,ˆ36.20,ˆ60.34,ˆ24.14
2022-2023 Madrid Raul Concept Track Jacket,https://www.uksoccershop.com/p-137730/2019-2020-madrid-raul-concept-track-jacket.html,ˆ60.34,ˆ84.48,ˆ24.14
2022-2023 Madrid Raul Concept Football Shirt,https://www.uksoccershop.com/p-137077/2019-2020-madrid-raul-concept-football-shirt.html,ˆ42.24,ˆ72.41,ˆ30.18
2022-2023 Madrid Galacticos Concept Football Shirt,https://www.uksoccershop.com/p-133683/2019-2020-madrid-galacticos-concept-football-shirt.html,ˆ42.24,ˆ72.41,ˆ30.18
2022-2023 Madrid Galacticos Concept Football Shirt - Kids,https://www.uksoccershop.com/p-141245/2019-2020-madrid-galacticos-concept-football-shirt-kids.html,ˆ42.24,ˆ72.41,ˆ30.18
2022-2023 Madrid Galacticos Concept Football Shirt - Womens,https://www.uksoccershop.com/p-147934/2019-2020-madrid-galacticos-concept-football-shirt-womens.html,ˆ42.24,ˆ72.41,ˆ30.18
2022-2023 Madrid Galacticos Concept Football Shirt - Baby,https://www.uksoccershop.com/p-147933/2019-2020-madrid-galacticos-concept-football-shirt-baby.html,ˆ42.24,ˆ72.41,ˆ30.18
2022-2023 Madrid Galacticos Concept Football Shirt - Little Boys,https://www.uksoccershop.com/p-147932/2019-2020-madrid-galacticos-concept-football-shirt-little-boys.html,ˆ42.24,ˆ72.41,ˆ30.18
Real Madrid 2021-2022 Home Shirt,https://www.uksoccershop.com/p-212772/real-madrid-2021-2022-home-shirt.html,ˆ102.54,ˆ72.41,ˆ30.18
Real Madrid 2021-2022 Long Sleeve Home Shirt,https://www.uksoccershop.com/p-212773/real-madrid-2021-2022-long-sleeve-home-shirt.html,ˆ102.54,ˆ108.58,ˆ6.04
Real Madrid 2021-2022 Home Shirt (Kids),https://www.uksoccershop.com/p-212774/real-madrid-2021-2022-home-shirt-kids.html,ˆ84.44,ˆ108.58,ˆ6.04
Real Madrid 2021-2022 Long Sleeve Home Shirt (Kids),https://www.uksoccershop.com/p-212770/real-madrid-2021-2022-long-sleeve-home-shirt-kids.html,ˆ66.33,ˆ78.40,ˆ12.07
Real Madrid 2021-2022 Womens Home Shirt,https://www.uksoccershop.com/p-212771/real-madrid-2021-2022-womens-home-shirt.html,ˆ90.47,ˆ96.51,ˆ6.04
Real Madrid 2021-2022 Home Mini Kit,https://www.uksoccershop.com/p-212765/real-madrid-2021-2022-home-mini-kit.html,ˆ54.26,ˆ60.29,ˆ6.04
Real Madrid 2021-2022 Home Baby Kit,https://www.uksoccershop.com/p-212767/real-madrid-2021-2022-home-baby-kit.html,ˆ45.81,ˆ54.26,ˆ8.45
Real Madrid 2021-2022 Away Shirt,https://www.uksoccershop.com/p-224184/real-madrid-2021-2022-away-shirt.html,ˆ90.47,ˆ96.51,ˆ6.04
Real Madrid 2021-2022 Long Sleeve Away Shirt,https://www.uksoccershop.com/p-224183/real-madrid-2021-2022-long-sleeve-away-shirt.html,ˆ102.54,ˆ108.58,ˆ6.04
Real Madrid 2021-2022 Womens Away Shirt,https://www.uksoccershop.com/p-224180/real-madrid-2021-2022-womens-away-shirt.html,ˆ60.34,ˆ96.51,ˆ36.16
Real Madrid 2021-2022 Third Shirt,https://www.uksoccershop.com/p-233196/real-madrid-2021-2022-third-shirt.html,ˆ90.47,ˆ96.51,ˆ6.04
Real Madrid 2021-2022 Third Shirt (Kids),https://www.uksoccershop.com/p-234841/real-madrid-2021-2022-third-shirt-kids.html,ˆ60.29,ˆ66.33,ˆ6.04
Real Madrid 2021-2022 Womens Third Shirt,https://www.uksoccershop.com/p-236259/real-madrid-2021-2022-womens-third-shirt.html,ˆ90.47,ˆ96.51,ˆ6.04
Real Madrid 2021-2022 Thrid Mini Kit,https://www.uksoccershop.com/p-235311/real-madrid-2021-2022-thrid-mini-kit.html,ˆ54.26,ˆ60.29,ˆ6.04
2020-2021 Real Madrid Adidas Home Football Shirt,https://www.uksoccershop.com/p-177696/2020-2021-real-madrid-adidas-home-football-shirt.html,ˆ84.48,ˆ90.52,ˆ6.04
2020-2021 Real Madrid Adidas Third Shirt (Kids),https://www.uksoccershop.com/p-184775/2020-2021-real-madrid-adidas-third-shirt-kids.html,ˆ42.24,ˆ66.38,ˆ24.14
2020-2021 Real Madrid Adidas Away Full Kit (Kids),https://www.uksoccershop.com/p-177716/2020-2021-real-madrid-adidas-away-full-kit-kids.html,ˆ54.31,ˆ108.63,ˆ54.32
2020-2021 Real Madrid Adidas Home Full Kit (Kids),https://www.uksoccershop.com/p-177709/2020-2021-real-madrid-adidas-home-full-kit-kids.html,ˆ90.52,ˆ102.59,ˆ12.07
2020-2021 Real Madrid Adidas Away Shirt (Kids),https://www.uksoccershop.com/p-177704/2020-2021-real-madrid-adidas-away-shirt-kids.html,ˆ30.17,ˆ66.38,ˆ36.21
2020-2021 Real Madrid Adidas Home Shirt (Kids),https://www.uksoccershop.com/p-177697/2020-2021-real-madrid-adidas-home-shirt-kids.html,ˆ60.34,ˆ66.38,ˆ6.04
2020-2021 Real Madrid Adidas Womens Away Shirt,https://www.uksoccershop.com/p-177708/2020-2021-real-madrid-adidas-womens-away-shirt.html,ˆ36.20,ˆ90.52,ˆ54.32
2020-2021 Real Madrid Adidas Womens Home Shirt,https://www.uksoccershop.com/p-177702/2020-2021-real-madrid-adidas-womens-home-shirt.html,ˆ39.10,ˆ90.52,ˆ51.42
2020-2021 Real Madrid Adidas Away Mini Kit,https://www.uksoccershop.com/p-177715/2020-2021-real-madrid-adidas-away-mini-kit.html,ˆ36.20,ˆ72.41,ˆ36.21
2020-2021 Real Madrid Adidas Away Football Shirt,https://www.uksoccershop.com/p-177703/2020-2021-real-madrid-adidas-away-football-shirt.html,ˆ60.34,ˆ90.52,ˆ30.18
2020-2021 Real Madrid Adidas Third Football Shirt,https://www.uksoccershop.com/p-184774/2020-2021-real-madrid-adidas-third-football-shirt.html,ˆ84.48,ˆ90.52,ˆ6.04
2019-2020 Real Madrid Adidas Home Goalkeeper Full Kit (Kids),https://www.uksoccershop.com/p-143919/2019-2020-real-madrid-adidas-home-goalkeeper-full-kit-kids.html,ˆ108.63,ˆ90.52,ˆ6.04
2018-2019 Madrid Fans Culture Home Concept Shirt,https://www.uksoccershop.com/p-127539/2018-2019-madrid-fans-culture-home-concept-shirt.html,ˆ42.24,ˆ72.41,ˆ30.18
2018-2019 Madrid Fans Culture Home Concept Shirt - Kids,https://www.uksoccershop.com/p-171353/2018-2019-madrid-fans-culture-home-concept-shirt-kids.html,ˆ42.24,ˆ72.41,ˆ30.18
2018-2019 Real Madrid Adidas Third Shirt (Kids),https://www.uksoccershop.com/p-117626/2018-2019-real-madrid-adidas-third-shirt-kids.html,ˆ24.13,ˆ66.38,ˆ42.25
2018-2019 Real Madrid Adidas Home Full Kit (Kids),https://www.uksoccershop.com/p-110868/2018-2019-real-madrid-adidas-home-full-kit-kids.html,ˆ24.13,ˆ90.52,ˆ66.39
2018-2019 Madrid Fans Culture Home Concept Shirt - Womens,https://www.uksoccershop.com/p-171746/2018-2019-madrid-fans-culture-home-concept-shirt-womens.html,ˆ42.24,ˆ72.41,ˆ30.18
2018-2019 Real Madrid Adidas Womens Away Shirt,https://www.uksoccershop.com/p-110859/2018-2019-real-madrid-adidas-womens-away-shirt.html,ˆ19.46,ˆ84.48,ˆ65.03
2018-2019 Real Madrid Adidas Womens Home Shirt,https://www.uksoccershop.com/p-110846/2018-2019-real-madrid-adidas-womens-home-shirt.html,ˆ21.72,ˆ84.48,ˆ62.77
2018-2019 Madrid Fans Culture Home Concept Shirt - Baby,https://www.uksoccershop.com/p-171745/2018-2019-madrid-fans-culture-home-concept-shirt-baby.html,ˆ42.24,ˆ72.41,ˆ30.18
2018-2019 Madrid Fans Culture Home Concept Shirt - Little Boys,https://www.uksoccershop.com/p-171744/2018-2019-madrid-fans-culture-home-concept-shirt-little-boys.html,ˆ42.24,ˆ72.41,ˆ30.18
2017-2018 Real Madrid Adidas Womens Third Shirt,https://www.uksoccershop.com/p-96948/2017-2018-real-madrid-adidas-womens-third-shirt.html,ˆ66.38,ˆ72.41,ˆ6.04
2015-2016 Real Madrid Adidas Womens Away Shirt,https://www.uksoccershop.com/p-63069/2015-2016-Real-Madrid-Adidas-Womens-Away-Shirt.html,ˆ11.54,ˆ60.34,ˆ48.80
Real Madrid 2021-2022 Home Goalkeeper Shirt (Black),https://www.uksoccershop.com/p-212764/real-madrid-2021-2022-home-goalkeeper-shirt-black.html,ˆ90.47,ˆ96.51,ˆ6.04
Real Madrid 2021-2022 Home Goalkeeper Shirt (Black) - Kids,https://www.uksoccershop.com/p-212761/real-madrid-2021-2022-home-goalkeeper-shirt-black-kids.html,ˆ60.29,ˆ66.33,ˆ6.04
2020-2021 Real Madrid Adidas Home Goalkeeper Shirt,https://www.uksoccershop.com/p-177710/2020-2021-real-madrid-adidas-home-goalkeeper-shirt.html,ˆ48.39,ˆ102.59,ˆ54.20
2020-2021 Real Madrid Home Goalkeeper Shirt (Kids),https://www.uksoccershop.com/p-177711/2020-2021-real-madrid-home-goalkeeper-shirt-kids.html,ˆ35.19,ˆ72.41,ˆ37.22
2020-2021 Real Madrid Away Goalkeeper Shirt,https://www.uksoccershop.com/p-193763/2020-2021-real-madrid-away-goalkeeper-shirt.html,ˆ30.17,ˆ102.59,ˆ72.43
Real Madrid 2021-2022 Home Shorts (White),https://www.uksoccershop.com/p-212768/real-madrid-2021-2022-home-shorts-white.html,ˆ42.19,ˆ45.81,ˆ3.62
Real Madrid 2021-2022 Away Shirt (Kids),https://www.uksoccershop.com/p-224182/real-madrid-2021-2022-away-shirt-kids.html,ˆ66.33,ˆ45.81,ˆ3.62
Real Madrid 2021-2022 Away Shorts (Blue),https://www.uksoccershop.com/p-224166/real-madrid-2021-2022-away-shorts-blue.html,ˆ42.19,ˆ45.81,ˆ3.62
Real Madrid 2021-2022 Away Shorts (Blue) - Kids,https://www.uksoccershop.com/p-224167/real-madrid-2021-2022-away-shorts-blue-kids.html,ˆ30.12,ˆ36.15,ˆ6.04
Real Madrid 2021-2022 Third Shorts (Aqua),https://www.uksoccershop.com/p-236067/real-madrid-2021-2022-third-shorts-aqua.html,ˆ42.19,ˆ45.81,ˆ3.62
Real Madrid 2021-2022 Third Shorts (Aqua) - Kids,https://www.uksoccershop.com/p-237604/real-madrid-2021-2022-third-shorts-aqua-kids.html,ˆ30.12,ˆ36.15,ˆ6.04
2020-2021 Real Madrid Adidas Home Shorts (White),https://www.uksoccershop.com/p-177698/2020-2021-real-madrid-adidas-home-shorts-white.html,ˆ24.43,ˆ45.86,ˆ21.42
2020-2021 Real Madrid Adidas Away Shorts (Pink) - Kids,https://www.uksoccershop.com/p-177706/2020-2021-real-madrid-adidas-away-shorts-pink-kids.html,ˆ24.13,ˆ36.20,ˆ12.07
2020-2021 Real Madrid Adidas Home Shorts (White) - Kids,https://www.uksoccershop.com/p-177699/2020-2021-real-madrid-adidas-home-shorts-white-kids.html,ˆ30.17,ˆ36.20,ˆ6.04
2020-2021 Real Madrid Adidas Away Shorts (Pink),https://www.uksoccershop.com/p-177705/2020-2021-real-madrid-adidas-away-shorts-pink.html,ˆ24.43,ˆ45.86,ˆ21.42
2020-2021 Real Madrid 3rd Shorts (Black) - Kids,https://www.uksoccershop.com/p-198873/2020-2021-real-madrid-3rd-shorts-black-kids.html,ˆ36.20,ˆ42.24,ˆ6.04
2018-2019 Real Madrid Adidas Home Shorts (White) - Kids,https://www.uksoccershop.com/p-110848/2018-2019-real-madrid-adidas-home-shorts-white-kids.html,ˆ12.06,ˆ36.20,ˆ24.14
2017-2018 Real Madrid Adidas Home Shorts (White) - Kids,https://www.uksoccershop.com/p-93956/2017-2018-real-madrid-adidas-home-shorts-white-kids.html,ˆ7.91,ˆ30.17,ˆ22.25
2016-2017 Real Madrid Adidas Away Shorts (Purple) - Kids,https://www.uksoccershop.com/p-78250/2016-2017-Real-Madrid-Adidas-Away-Shorts-(Purple)---Kids.html,ˆ6.02,ˆ30.17,ˆ24.14
2016-2017 Real Madrid Adidas Home Shorts (White) - Kids,https://www.uksoccershop.com/products/78236.html,ˆ4.33,ˆ30.17,ˆ25.83
2015-2016 Real Madrid Adidas Home Shorts (White) - Kids,https://www.uksoccershop.com/p-63057/2015-2016-Real-Madrid-Adidas-Home-Shorts-(White)---Kids.html,ˆ3.61,ˆ26.56,ˆ22.95
Real Madrid 2021-2022 Home Goalkeeper Mini Kit,https://www.uksoccershop.com/p-212762/real-madrid-2021-2022-home-goalkeeper-mini-kit.html,ˆ36.20,ˆ60.29,ˆ24.09
Real Madrid 2021-2022 Home Socks (White),https://www.uksoccershop.com/p-212766/real-madrid-2021-2022-home-socks-white.html,ˆ21.67,ˆ22.87,ˆ1.21
Real Madrid 2021-2022 Third Socks (Aqua),https://www.uksoccershop.com/p-233189/real-madrid-2021-2022-third-socks-aqua.html,ˆ21.67,ˆ22.87,ˆ1.21
2020-2021 Real Madrid Adidas Away Socks (Pink),https://www.uksoccershop.com/p-177707/2020-2021-real-madrid-adidas-away-socks-pink.html,ˆ12.06,ˆ22.92,ˆ10.86
2020-2021 Real Madrid Adidas Home Socks (White),https://www.uksoccershop.com/p-177700/2020-2021-real-madrid-adidas-home-socks-white.html,ˆ21.72,ˆ22.92,ˆ1.21
2020-2021 Real Madrid Third Socks (Black),https://www.uksoccershop.com/p-194163/2020-2021-real-madrid-third-socks-black.html,ˆ21.72,ˆ22.92,ˆ1.21
2018-2019 Real Madrid Adidas Third Socks (Red),https://www.uksoccershop.com/p-118081/2018-2019-real-madrid-adidas-third-socks-red.html,ˆ4.82,ˆ22.92,ˆ18.11
2018-2019 Real Madrid Adidas Away Socks (Grey),https://www.uksoccershop.com/p-110863/2018-2019-real-madrid-adidas-away-socks-grey.html,ˆ4.82,ˆ22.92,ˆ18.11
2018-2019 Real Madrid Adidas Home Socks (White),https://www.uksoccershop.com/p-110849/2018-2019-real-madrid-adidas-home-socks-white.html,ˆ6.02,ˆ20.51,ˆ14.49
2016-2017 Real Madrid Adidas Third Socks (Black),https://www.uksoccershop.com/products/79241.html,ˆ2.16,ˆ15.68,ˆ13.52
2016-2017 Real Madrid Adidas Home Socks (White),https://www.uksoccershop.com/p-78237/2016-2017-Real-Madrid-Adidas-Home-Socks-(White).html,ˆ2.40,ˆ15.68,ˆ13.28
Real Madrid 2021-2022 3S Polo Shirt (White),https://www.uksoccershop.com/p-226617/real-madrid-2021-2022-3s-polo-shirt-white.html,ˆ45.81,ˆ50.64,ˆ4.83
Real Madrid 2021-2022 Polo Shirt (White),https://www.uksoccershop.com/p-212804/real-madrid-2021-2022-polo-shirt-white.html,ˆ45.81,ˆ50.64,ˆ4.83
Real Madrid 2021-2022 Polo Shirt (Black),https://www.uksoccershop.com/p-212790/real-madrid-2021-2022-polo-shirt-black.html,ˆ45.81,ˆ50.64,ˆ4.83
Real Madrid 2021-2022 Training Shirt (Black) - Kids,https://www.uksoccershop.com/p-216992/real-madrid-2021-2022-training-shirt-black-kids.html,ˆ36.15,ˆ42.19,ˆ6.04
Real Madrid 2021-2022 Training Shirt (Black),https://www.uksoccershop.com/p-212802/real-madrid-2021-2022-training-shirt-black.html,ˆ45.81,ˆ50.64,ˆ4.83
Real Madrid 2021-2022 Training Shirt (White),https://www.uksoccershop.com/p-212799/real-madrid-2021-2022-training-shirt-white.html,ˆ45.81,ˆ50.64,ˆ4.83
Real Madrid 2021-2022 Infants Tracksuit (Black),https://www.uksoccershop.com/p-212808/real-madrid-2021-2022-infants-tracksuit-black.html,ˆ36.20,ˆ66.33,ˆ30.13
Real Madrid 2021-2022 Tracksuit (Black) - Kids,https://www.uksoccershop.com/p-212794/real-madrid-2021-2022-tracksuit-black-kids.html,ˆ78.40,ˆ84.44,ˆ6.04
2021-2022 Real Madrid Dad Cap (Black),https://www.uksoccershop.com/p-236244/2021-2022-real-madrid-dad-cap-black.html,ˆ21.73,ˆ24.14,ˆ2.41
Real Madrid 2021-2022 Backpack (White),https://www.uksoccershop.com/p-218964/real-madrid-2021-2022-backpack-white.html,ˆ42.19,ˆ48.22,ˆ6.04
Real Madrid 2021-2022 Duffel Bag (Black),https://www.uksoccershop.com/p-218961/real-madrid-2021-2022-duffel-bag-black.html,ˆ54.26,ˆ60.29,ˆ6.04
Real Madrid 2021-2022 EU Allweather Jacket (Blast Emerald),https://www.uksoccershop.com/p-233195/real-madrid-2021-2022-eu-allweather-jacket-blast-emerald.html,ˆ66.38,ˆ96.51,ˆ30.13
Real Madrid 2021-2022 Windbreaker (White),https://www.uksoccershop.com/p-227553/real-madrid-2021-2022-windbreaker-white.html,ˆ78.40,ˆ84.44,ˆ6.04
Real Madrid 2021-2022 Allweather Jacket (White),https://www.uksoccershop.com/p-220228/real-madrid-2021-2022-allweather-jacket-white.html,ˆ84.44,ˆ90.47,ˆ6.04
Real Madrid 2021-2022 Allweather Jacket (Black),https://www.uksoccershop.com/p-212792/real-madrid-2021-2022-allweather-jacket-black.html,ˆ84.44,ˆ90.47,ˆ6.04
Real Madrid 2021-2022 Travel Tee (Carbon),https://www.uksoccershop.com/p-230598/real-madrid-2021-2022-travel-tee-carbon.html,ˆ51.84,ˆ57.88,ˆ6.04
Real Madrid 2021-2022 STR Graphic Tee (Blue),https://www.uksoccershop.com/p-227551/real-madrid-2021-2022-str-graphic-tee-blue.html,ˆ26.50,ˆ30.12,ˆ3.62
Real Madrid 2021-2022 Pre-Match Training Shirt (Pink),https://www.uksoccershop.com/p-212805/real-madrid-2021-2022-pre-match-training-shirt-pink.html,ˆ60.29,ˆ66.33,ˆ6.04
Real Madrid 2021-2022 Pre-Match Training Shirt (Pink) - Kids,https://www.uksoccershop.com/p-212800/real-madrid-2021-2022-pre-match-training-shirt-pink-kids.html,ˆ42.19,ˆ48.22,ˆ6.04
Real Madrid 2021-2022 ZNE Jacket (Black),https://www.uksoccershop.com/p-237586/real-madrid-2021-2022-zne-jacket-black.html,ˆ90.52,ˆ144.79,ˆ54.27
Real Madrid 2021-2022 Anthem Jacket (White),https://www.uksoccershop.com/p-231269/real-madrid-2021-2022-anthem-jacket-white.html,ˆ90.47,ˆ96.51,ˆ6.04
Real Madrid 2021-2022 Anthem Jacket (White) - Kids,https://www.uksoccershop.com/p-227547/real-madrid-2021-2022-anthem-jacket-white-kids.html,ˆ72.37,ˆ78.40,ˆ6.04
Real Madrid 2021-2022 3S Tee (White),https://www.uksoccershop.com/p-227741/real-madrid-2021-2022-3s-tee-white.html,ˆ30.12,ˆ36.15,ˆ6.04
Real Madrid 2021-2022 Training Tee (White-Blue),https://www.uksoccershop.com/p-226733/real-madrid-2021-2022-training-tee-white-blue.html,ˆ21.72,ˆ42.19,ˆ20.47
Real Madrid 2021-2022 Training Tee (Black) - Kids,https://www.uksoccershop.com/p-216991/real-madrid-2021-2022-training-tee-black-kids.html,ˆ27.70,ˆ36.15,ˆ8.45
Real Madrid 2021-2022 Training Tee (White),https://www.uksoccershop.com/p-212806/real-madrid-2021-2022-training-tee-white.html,ˆ36.15,ˆ42.19,ˆ6.04
Real Madrid 2021-2022 Training Tee (Black),https://www.uksoccershop.com/p-212789/real-madrid-2021-2022-training-tee-black.html,ˆ24.13,ˆ42.19,ˆ18.06
Real Madrid 2021-2022 Hooded Top (White),https://www.uksoccershop.com/p-229026/real-madrid-2021-2022-hooded-top-white.html,ˆ48.27,ˆ72.37,ˆ24.09
Real Madrid 2021-2022 Travel Hoody (Carbon),https://www.uksoccershop.com/p-226742/real-madrid-2021-2022-travel-hoody-carbon.html,ˆ84.44,ˆ90.47,ˆ6.04
Real Madrid 2021-2022 3S Full Zip Hoody (Blue),https://www.uksoccershop.com/p-227546/real-madrid-2021-2022-3s-full-zip-hoody-blue.html,ˆ72.37,ˆ78.40,ˆ6.04
Real Madrid 2021-2022 EU Presentation Jacket (Blast Emerald),https://www.uksoccershop.com/p-235313/real-madrid-2021-2022-eu-presentation-jacket-blast-emerald.html,ˆ59.74,ˆ90.47,ˆ30.73
Real Madrid 2021-2022 Presentation Jacket (White),https://www.uksoccershop.com/p-212797/real-madrid-2021-2022-presentation-jacket-white.html,ˆ78.40,ˆ84.44,ˆ6.04
Real Madrid 2021-2022 Presentation Jacket (Black),https://www.uksoccershop.com/p-212796/real-madrid-2021-2022-presentation-jacket-black.html,ˆ78.40,ˆ84.44,ˆ6.04
Real Madrid 2021-2022 Presentation Jacket (Black) - Kids,https://www.uksoccershop.com/p-212793/real-madrid-2021-2022-presentation-jacket-black-kids.html,ˆ42.24,ˆ66.33,ˆ24.09
Real Madrid 2021-2022 Travel Coach Jacket (Carbon),https://www.uksoccershop.com/p-229925/real-madrid-2021-2022-travel-coach-jacket-carbon.html,ˆ59.74,ˆ108.58,ˆ48.84
Real Madrid 2021-2022 Travel DR Jacket (Carbon),https://www.uksoccershop.com/p-223525/real-madrid-2021-2022-travel-dr-jacket-carbon.html,ˆ78.45,ˆ144.79,ˆ66.34
Real Madrid 2021-2022 Winter Jacket (Black),https://www.uksoccershop.com/p-218719/real-madrid-2021-2022-winter-jacket-black.html,ˆ102.59,ˆ168.93,ˆ66.34
Real Madrid 2021-2022 Travel Pants (Carbon),https://www.uksoccershop.com/p-229544/real-madrid-2021-2022-travel-pants-carbon.html,ˆ75.99,ˆ84.44,ˆ8.45
Real Madrid 2021-2022 Sweat Pants (Black),https://www.uksoccershop.com/p-212803/real-madrid-2021-2022-sweat-pants-black.html,ˆ54.26,ˆ60.29,ˆ6.04
Real Madrid 2021-2022 Presentation Pants (Black),https://www.uksoccershop.com/p-219337/real-madrid-2021-2022-presentation-pants-black.html,ˆ60.29,ˆ66.33,ˆ6.04
Real Madrid 2021-2022 Presentation Pants (Black) - Kids,https://www.uksoccershop.com/p-218954/real-madrid-2021-2022-presentation-pants-black-kids.html,ˆ27.15,ˆ48.22,ˆ21.07
Real Madrid 2021-2022 Training Pants (Black) - Kids,https://www.uksoccershop.com/p-218727/real-madrid-2021-2022-training-pants-black-kids.html,ˆ30.17,ˆ48.22,ˆ18.06
Real Madrid 2021-2022 3/4 Pants (Black),https://www.uksoccershop.com/p-212807/real-madrid-2021-2022-3-4-pants-black.html,ˆ45.81,ˆ50.64,ˆ4.83
Real Madrid 2021-2022 Training Pants (Black),https://www.uksoccershop.com/p-212801/real-madrid-2021-2022-training-pants-black.html,ˆ54.26,ˆ60.29,ˆ6.04
Real Madrid 2021-2022 3S Sweat Shorts (Blue),https://www.uksoccershop.com/p-227545/real-madrid-2021-2022-3s-sweat-shorts-blue.html,ˆ27.15,ˆ50.64,ˆ23.49
Real Madrid 2021-2022 Downtime Shorts (Black),https://www.uksoccershop.com/p-219335/real-madrid-2021-2022-downtime-shorts-black.html,ˆ42.19,ˆ45.81,ˆ3.62
Real Madrid 2021-2022 Training Shorts (Black),https://www.uksoccershop.com/p-218963/real-madrid-2021-2022-training-shorts-black.html,ˆ42.19,ˆ45.81,ˆ3.62
Real Madrid 2021-2022 Training Shorts (Black) - Kids,https://www.uksoccershop.com/p-216987/real-madrid-2021-2022-training-shorts-black-kids.html,ˆ30.12,ˆ36.15,ˆ6.04
Real Madrid 2021-2022 EU Training Top (Blast Emerald),https://www.uksoccershop.com/p-236044/real-madrid-2021-2022-eu-training-top-blast-emerald.html,ˆ54.31,ˆ84.44,ˆ30.13
Real Madrid 2021-2022 EU Hybrid Top (Blast Emerald),https://www.uksoccershop.com/p-233298/real-madrid-2021-2022-eu-hybrid-top-blast-emerald.html,ˆ90.47,ˆ96.51,ˆ6.04
Real Madrid 2021-2022 Travel Midlayer (Carbon),https://www.uksoccershop.com/p-224328/real-madrid-2021-2022-travel-midlayer-carbon.html,ˆ102.54,ˆ108.58,ˆ6.04
Real Madrid 2021-2022 Warm Top (Black),https://www.uksoccershop.com/p-222385/real-madrid-2021-2022-warm-top-black.html,ˆ60.34,ˆ90.47,ˆ30.13
Real Madrid 2021-2022 Training Top (White),https://www.uksoccershop.com/p-216990/real-madrid-2021-2022-training-top-white.html,ˆ54.31,ˆ84.44,ˆ30.13
Real Madrid 2021-2022 Training Top (Black),https://www.uksoccershop.com/p-212798/real-madrid-2021-2022-training-top-black.html,ˆ75.99,ˆ84.44,ˆ8.45
Real Madrid 2021-2022 Graphic Crew Sweat (Blue),https://www.uksoccershop.com/p-227555/real-madrid-2021-2022-graphic-crew-sweat-blue.html,ˆ38.01,ˆ66.33,ˆ28.32
Real Madrid 2021-2022 Sweat Top (Black),https://www.uksoccershop.com/p-216993/real-madrid-2021-2022-sweat-top-black.html,ˆ60.29,ˆ66.33,ˆ6.04
2020-2021 Real Madrid 3S Polo Shirt (Dark Blue),https://www.uksoccershop.com/p-193795/2020-2021-real-madrid-3s-polo-shirt-dark-blue.html,ˆ26.40,ˆ50.69,ˆ24.29
2020-2021 Real Madrid Training Shirt (White),https://www.uksoccershop.com/p-195164/2020-2021-real-madrid-training-shirt-white.html,ˆ30.41,ˆ50.69,ˆ20.28
2020-2021 Real Madrid Tracksuit (Bright Cyan),https://www.uksoccershop.com/p-205150/2020-2021-real-madrid-tracksuit-bright-cyan.html,ˆ58.66,ˆ114.66,ˆ56.01
2020-2021 Real Madrid Adidas Training Pants (Grey) - Kids,https://www.uksoccershop.com/p-178023/2020-2021-real-madrid-adidas-training-pants-grey-kids.html,ˆ42.24,ˆ48.27,ˆ6.04
2020-2021 Real Madrid Adidas Polo Shirt (Grey),https://www.uksoccershop.com/p-178018/2020-2021-real-madrid-adidas-polo-shirt-grey.html,ˆ18.09,ˆ50.69,ˆ32.59
2020-2021 Real Madrid Adidas Training Shirt (Grey),https://www.uksoccershop.com/p-177756/2020-2021-real-madrid-adidas-training-shirt-grey.html,ˆ27.15,ˆ50.69,ˆ23.54
2020-2021 Real Madrid Pre-Match Training Shirt (Blue),https://www.uksoccershop.com/p-201463/2020-2021-real-madrid-pre-match-training-shirt-blue.html,ˆ38.01,ˆ66.38,ˆ28.37
2020-2021 Real Madrid Presentation Jacket (Bright Cyan),https://www.uksoccershop.com/p-205148/2020-2021-real-madrid-presentation-jacket-bright-cyan.html,ˆ48.88,ˆ84.48,ˆ35.61
2019-2020 Real Madrid Adidas Polo Shirt (Solid Grey),https://www.uksoccershop.com/p-167335/2019-2020-real-madrid-adidas-polo-shirt-solid-grey.html,ˆ16.39,ˆ50.69,ˆ34.30
2019-2020 Real Madrid Adidas Full Zip Hoody (Grey),https://www.uksoccershop.com/products/143912.html,ˆ72.41,ˆ78.45,ˆ6.04
2019-2020 Real Madrid Adidas Allweather Jacket (White),https://www.uksoccershop.com/p-143875/2019-2020-real-madrid-adidas-allweather-jacket-white.html,ˆ84.48,ˆ90.52,ˆ6.04
2019-2020 Real Madrid Adidas Presentation Jacket (Black) - Kids,https://www.uksoccershop.com/p-143865/2019-2020-real-madrid-adidas-presentation-jacket-black-kids.html,ˆ30.79,ˆ66.38,ˆ35.59
2019-2020 Real Madrid Adidas Pre-match Training Shirt (White) - Kids,https://www.uksoccershop.com/p-143862/2019-2020-real-madrid-adidas-pre-match-training-shirt-white-kids.html,ˆ42.24,ˆ48.27,ˆ6.04
2019-2020 Real Madrid Adidas Pre-Match Training Shirt (White),https://www.uksoccershop.com/p-143861/2019-2020-real-madrid-adidas-pre-match-training-shirt-white.html,ˆ60.34,ˆ66.38,ˆ6.04
2018-2019 Real Madrid Adidas Icon Track Top (Red),https://www.uksoccershop.com/p-118898/2018-2019-real-madrid-adidas-icon-track-top-red.html,ˆ78.45,ˆ84.48,ˆ6.04
2018-2019 Real Madrid Adidas Graphic Tee (White) - Kids,https://www.uksoccershop.com/p-118070/2018-2019-real-madrid-adidas-graphic-tee-white-kids.html,ˆ18.09,ˆ20.51,ˆ2.41
2018-2019 Real Madrid Adidas Graphic Tee (White),https://www.uksoccershop.com/p-118069/2018-2019-real-madrid-adidas-graphic-tee-white.html,ˆ26.54,ˆ30.17,ˆ3.62
2018-2019 Real Madrid Adidas UCL Presentation Jacket (Red) - Kids,https://www.uksoccershop.com/p-118059/2018-2019-real-madrid-adidas-presentation-jacket-red-kids.html,ˆ84.48,ˆ90.52,ˆ6.04
2018-2019 Real Madrid Adidas Water Bottle (White),https://www.uksoccershop.com/p-111143/2018-2019-real-madrid-adidas-water-bottle-white.html,ˆ12.01,ˆ14.42,ˆ2.41
2017-2018 Real Madrid Adidas Training Shirt (Black) - Kids,https://www.uksoccershop.com/p-93999/2017-2018-real-madrid-adidas-training-shirt-black-kids.html,ˆ39.82,ˆ14.42,ˆ2.41
2017-2018 Real Madrid Adidas Training Tee (Black) - Kids,https://www.uksoccershop.com/p-93994/2017-2018-real-madrid-adidas-training-tee-black-kids.html,ˆ30.17,ˆ14.42,ˆ2.41
2017-2018 Real Madrid Adidas Sweat Top (White),https://www.uksoccershop.com/products/93990.html,ˆ18.18,ˆ60.34,ˆ42.16
2017-2018 Real Madrid Adidas Flat Cap (Solid Grey),https://www.uksoccershop.com/p-97646/2017-2018-real-madrid-adidas-flat-cap-solid-grey.html,ˆ22.92,ˆ60.34,ˆ42.16
2016-2017 Real Madrid Adidas Gym Bag (Black),https://www.uksoccershop.com/p-78302/2016-2017-Real-Madrid-Adidas-Gym-Bag-(Black).html,ˆ15.69,ˆ60.34,ˆ42.16
Real Madrid Duvet Set,https://www.uksoccershop.com/p-208419/real-madrid-duvet-set.html,ˆ36.20,ˆ42.24,ˆ6.04
Real Madrid 2021-2022 Home Goalkeeper Mini Kit (Your Name),https://www.uksoccershop.com/p-214288/real-madrid-2021-2022-home-goalkeeper-mini-kit-your-name.html,ˆ72.41,ˆ42.24,ˆ6.04
Real Madrid 2021-2022 Home Goalkeeper Mini Kit (NAVAS 1),https://www.uksoccershop.com/p-214287/real-madrid-2021-2022-home-goalkeeper-mini-kit-navas-1.html,ˆ72.41,ˆ42.24,ˆ6.04
Real Madrid 2021-2022 Home Goalkeeper Mini Kit (COURTOIS 1),https://www.uksoccershop.com/p-214286/real-madrid-2021-2022-home-goalkeeper-mini-kit-courtois-1.html,ˆ72.41,ˆ42.24,ˆ6.04
Real Madrid 2021-2022 Home Goalkeeper Mini Kit (CASILLAS 1),https://www.uksoccershop.com/p-214285/real-madrid-2021-2022-home-goalkeeper-mini-kit-casillas-1.html,ˆ72.41,ˆ42.24,ˆ6.04
Real Madrid 2021-2022 Training Shirt (Black) - Kids (CAMAVINGA 25),https://www.uksoccershop.com/p-230501/real-madrid-2021-2022-training-shirt-black-kids-camavinga-25.html,ˆ51.89,ˆ42.24,ˆ6.04
Real Madrid 2021-2022 Long Sleeve Home Shirt (Kids) (CAMAVINGA 25),https://www.uksoccershop.com/p-230495/real-madrid-2021-2022-long-sleeve-home-shirt-kids-camavinga-25.html,ˆ85.69,ˆ42.24,ˆ6.04
Real Madrid 2021-2022 Long Sleeve Home Shirt (CAMAVINGA 25),https://www.uksoccershop.com/p-230494/real-madrid-2021-2022-long-sleeve-home-shirt-camavinga-25.html,ˆ125.53,ˆ42.24,ˆ6.04
Real Madrid 2021-2022 Womens Home Shirt (CAMAVINGA 25),https://www.uksoccershop.com/p-230493/real-madrid-2021-2022-womens-home-shirt-camavinga-25.html,ˆ112.25,ˆ42.24,ˆ6.04
Real Madrid 2021-2022 Home Shirt (Kids) (CAMAVINGA 25),https://www.uksoccershop.com/p-230492/real-madrid-2021-2022-home-shirt-kids-camavinga-25.html,ˆ96.56,ˆ42.24,ˆ6.04
Real Madrid 2021-2022 Home Shirt (CAMAVINGA 25),https://www.uksoccershop.com/p-230490/real-madrid-2021-2022-home-shirt-camavinga-25.html,ˆ112.25,ˆ42.24,ˆ6.04
Real Madrid 2021-2022 Home Baby Kit (CAMAVINGA 25),https://www.uksoccershop.com/p-230486/real-madrid-2021-2022-home-baby-kit-camavinga-25.html,ˆ61.58,ˆ42.24,ˆ6.04
Real Madrid 2021-2022 Home Mini Kit (CAMAVINGA 25),https://www.uksoccershop.com/p-230484/real-madrid-2021-2022-home-mini-kit-camavinga-25.html,ˆ71.05,ˆ42.24,ˆ6.04
Real Madrid 2021-2022 Training Shirt (Black) - Kids (ALABA 4),https://www.uksoccershop.com/p-222408/real-madrid-2021-2022-training-shirt-black-kids-alaba-4.html,ˆ50.92,ˆ42.24,ˆ6.04
Real Madrid 2021-2022 Long Sleeve Home Shirt (Kids) (ALABA 4),https://www.uksoccershop.com/p-222402/real-madrid-2021-2022-long-sleeve-home-shirt-kids-alaba-4.html,ˆ84.08,ˆ42.24,ˆ6.04
Real Madrid 2021-2022 Long Sleeve Home Shirt (ALABA 4),https://www.uksoccershop.com/p-222401/real-madrid-2021-2022-long-sleeve-home-shirt-alaba-4.html,ˆ123.17,ˆ42.24,ˆ6.04
Real Madrid 2021-2022 Womens Home Shirt (ALABA 4),https://www.uksoccershop.com/p-222400/real-madrid-2021-2022-womens-home-shirt-alaba-4.html,ˆ110.14,ˆ42.24,ˆ6.04
Real Madrid 2021-2022 Home Shirt (Kids) (ALABA 4),https://www.uksoccershop.com/p-222399/real-madrid-2021-2022-home-shirt-kids-alaba-4.html,ˆ94.74,ˆ42.24,ˆ6.04
Real Madrid 2021-2022 Home Shirt (ALABA 4),https://www.uksoccershop.com/p-222398/real-madrid-2021-2022-home-shirt-alaba-4.html,ˆ110.14,ˆ42.24,ˆ6.04
Real Madrid 2021-2022 Home Baby Kit (ALABA 4),https://www.uksoccershop.com/p-222396/real-madrid-2021-2022-home-baby-kit-alaba-4.html,ˆ61.58,ˆ42.24,ˆ6.04
Real Madrid 2021-2022 Home Mini Kit (ALABA 4),https://www.uksoccershop.com/p-222395/real-madrid-2021-2022-home-mini-kit-alaba-4.html,ˆ71.05,ˆ42.24,ˆ6.04
Real Madrid 2021-2022 Training Shirt (Black) - Kids (Your Name),https://www.uksoccershop.com/p-218604/real-madrid-2021-2022-training-shirt-black-kids-your-name.html,ˆ50.92,ˆ42.24,ˆ6.04
Real Madrid 2021-2022 Training Shirt (Black) - Kids (ZIDANE 5),https://www.uksoccershop.com/p-218603/real-madrid-2021-2022-training-shirt-black-kids-zidane-5.html,ˆ50.92,ˆ42.24,ˆ6.04
Real Madrid 2021-2022 Training Shirt (Black) - Kids (VINI JR 20),https://www.uksoccershop.com/p-218602/real-madrid-2021-2022-training-shirt-black-kids-vinicius-jr-20.html,ˆ50.92,ˆ42.24,ˆ6.04
Real Madrid 2021-2022 Training Shirt (Black) - Kids (LUCAS V 17),https://www.uksoccershop.com/p-218601/real-madrid-2021-2022-training-shirt-black-kids-vazquez-17.html,ˆ50.92,ˆ42.24,ˆ6.04
Real Madrid 2021-2022 Training Shirt (Black) - Kids (VARANE 5),https://www.uksoccershop.com/p-218600/real-madrid-2021-2022-training-shirt-black-kids-varane-5.html,ˆ50.92,ˆ42.24,ˆ6.04
Real Madrid 2021-2022 Training Shirt (Black) - Kids (VALVERDE 15),https://www.uksoccershop.com/p-218599/real-madrid-2021-2022-training-shirt-black-kids-valverde-15.html,ˆ50.92,ˆ42.24,ˆ6.04
Real Madrid 2021-2022 Training Shirt (Black) - Kids (SERGIO RAMOS 4),https://www.uksoccershop.com/p-218598/real-madrid-2021-2022-training-shirt-black-kids-sergio-ramos-4.html,ˆ50.92,ˆ42.24,ˆ6.04
Real Madrid 2021-2022 Training Shirt (Black) - Kids (RONALDO 7),https://www.uksoccershop.com/p-218597/real-madrid-2021-2022-training-shirt-black-kids-ronaldo-7.html,ˆ50.92,ˆ42.24,ˆ6.04
Real Madrid 2021-2022 Training Shirt (Black) - Kids (RODRYGO 21),https://www.uksoccershop.com/p-218596/real-madrid-2021-2022-training-shirt-black-kids-rodrygo-25.html,ˆ50.92,ˆ42.24,ˆ6.04
Real Madrid 2021-2022 Training Shirt (Black) - Kids (RAUL 7),https://www.uksoccershop.com/p-218595/real-madrid-2021-2022-training-shirt-black-kids-raul-7.html,ˆ50.92,ˆ42.24,ˆ6.04
Real Madrid 2021-2022 Training Shirt (Black) - Kids (R CARLOS 3),https://www.uksoccershop.com/p-218594/real-madrid-2021-2022-training-shirt-black-kids-r-carlos-3.html,ˆ50.92,ˆ42.24,ˆ6.04
Real Madrid 2021-2022 Training Shirt (Black) - Kids (PUSKAS 10),https://www.uksoccershop.com/p-218593/real-madrid-2021-2022-training-shirt-black-kids-puskas-10.html,ˆ50.92,ˆ42.24,ˆ6.04
Real Madrid 2021-2022 Training Shirt (Black) - Kids (NACHO 6),https://www.uksoccershop.com/p-218592/real-madrid-2021-2022-training-shirt-black-kids-nacho-6.html,ˆ50.92,ˆ42.24,ˆ6.04
Real Madrid 2021-2022 Training Shirt (Black) - Kids (MODRIC 10),https://www.uksoccershop.com/p-218591/real-madrid-2021-2022-training-shirt-black-kids-modric-10.html,ˆ50.92,ˆ42.24,ˆ6.04
Real Madrid 2021-2022 Training Shirt (Black) - Kids (F MENDY 23),https://www.uksoccershop.com/p-218590/real-madrid-2021-2022-training-shirt-black-kids-mendy-23.html,ˆ50.92,ˆ42.24,ˆ6.04
Real Madrid 2021-2022 Training Shirt (Black) - Kids (MARCELO 12),https://www.uksoccershop.com/p-218589/real-madrid-2021-2022-training-shirt-black-kids-marcelo-12.html,ˆ50.92,ˆ42.24,ˆ6.04
Real Madrid 2021-2022 Training Shirt (Black) - Kids (KROOS 8),https://www.uksoccershop.com/p-218588/real-madrid-2021-2022-training-shirt-black-kids-kroos-8.html,ˆ50.92,ˆ42.24,ˆ6.04
Real Madrid 2021-2022 Training Shirt (Black) - Kids (KAKA 8),https://www.uksoccershop.com/p-218587/real-madrid-2021-2022-training-shirt-black-kids-kaka-8.html,ˆ50.92,ˆ42.24,ˆ6.04
Real Madrid 2021-2022 Training Shirt (Black) - Kids (ISCO 22),https://www.uksoccershop.com/p-218586/real-madrid-2021-2022-training-shirt-black-kids-isco-8.html,ˆ50.92,ˆ42.24,ˆ6.04
Real Madrid 2021-2022 Training Shirt (Black) - Kids (HAZARD 7),https://www.uksoccershop.com/p-218585/real-madrid-2021-2022-training-shirt-black-kids-hazard-7.html,ˆ50.92,ˆ42.24,ˆ6.04
Real Madrid 2021-2022 Training Shirt (Black) - Kids (FIGO 10),https://www.uksoccershop.com/p-218584/real-madrid-2021-2022-training-shirt-black-kids-figo-10.html,ˆ50.92,ˆ42.24,ˆ6.04
Real Madrid 2021-2022 Training Shirt (Black) - Kids (DI STEFANO 9),https://www.uksoccershop.com/p-218583/real-madrid-2021-2022-training-shirt-black-kids-di-stefano-9.html,ˆ50.92,ˆ42.24,ˆ6.04
Real Madrid 2021-2022 Training Shirt (Black) - Kids (CASEMIRO 14),https://www.uksoccershop.com/p-218582/real-madrid-2021-2022-training-shirt-black-kids-casemiro-14.html,ˆ50.92,ˆ42.24,ˆ6.04
Real Madrid 2021-2022 Training Shirt (Black) - Kids (CARVAJAL 2),https://www.uksoccershop.com/p-218581/real-madrid-2021-2022-training-shirt-black-kids-carvajal-2.html,ˆ50.92,ˆ42.24,ˆ6.04
Real Madrid 2021-2022 Training Shirt (Black) - Kids (BENZEMA 9),https://www.uksoccershop.com/p-218580/real-madrid-2021-2022-training-shirt-black-kids-benzema-9.html,ˆ50.92,ˆ42.24,ˆ6.04
Real Madrid 2021-2022 Training Shirt (Black) - Kids (BECKHAM 23),https://www.uksoccershop.com/p-218579/real-madrid-2021-2022-training-shirt-black-kids-beckham-23.html,ˆ50.92,ˆ42.24,ˆ6.04
Real Madrid 2021-2022 Training Shirt (Black) - Kids (BALE 18),https://www.uksoccershop.com/p-218578/real-madrid-2021-2022-training-shirt-black-kids-bale-11.html,ˆ50.92,ˆ42.24,ˆ6.04
Real Madrid 2021-2022 Training Shirt (Black) - Kids (ASENSIO 11),https://www.uksoccershop.com/p-218577/real-madrid-2021-2022-training-shirt-black-kids-asensio-11.html,ˆ50.92,ˆ42.24,ˆ6.04
Real Madrid 2021-2022 Home Goalkeeper Shirt (Black) - Kids (Your Name),https://www.uksoccershop.com/p-214432/real-madrid-2021-2022-home-goalkeeper-shirt-black-kids-your-name.html,ˆ76.97,ˆ42.24,ˆ6.04
Real Madrid 2021-2022 Home Goalkeeper Shirt (Black) - Kids (NAVAS 1),https://www.uksoccershop.com/p-214431/real-madrid-2021-2022-home-goalkeeper-shirt-black-kids-navas-1.html,ˆ76.97,ˆ42.24,ˆ6.04
Real Madrid 2021-2022 Home Goalkeeper Shirt (Black) - Kids (COURTOIS 1),https://www.uksoccershop.com/p-214430/real-madrid-2021-2022-home-goalkeeper-shirt-black-kids-courtois-1.html,ˆ76.97,ˆ42.24,ˆ6.04
Real Madrid 2021-2022 Home Goalkeeper Shirt (Black) - Kids (CASILLAS 1),https://www.uksoccershop.com/p-214428/real-madrid-2021-2022-home-goalkeeper-shirt-black-kids-casillas-1.html,ˆ76.97,ˆ42.24,ˆ6.04
Real Madrid 2021-2022 Home Goalkeeper Shirt (Black) (Your Name),https://www.uksoccershop.com/p-214329/real-madrid-2021-2022-home-goalkeeper-shirt-black-your-name.html,ˆ110.14,ˆ42.24,ˆ6.04
Real Madrid 2021-2022 Home Goalkeeper Shirt (Black) (NAVAS 1),https://www.uksoccershop.com/p-214328/real-madrid-2021-2022-home-goalkeeper-shirt-black-navas-1.html,ˆ110.14,ˆ42.24,ˆ6.04
Real Madrid 2021-2022 Home Goalkeeper Shirt (Black) (COURTOIS 1),https://www.uksoccershop.com/p-214327/real-madrid-2021-2022-home-goalkeeper-shirt-black-courtois-1.html,ˆ110.14,ˆ42.24,ˆ6.04
Real Madrid 2021-2022 Home Goalkeeper Shirt (Black) (CASILLAS 1),https://www.uksoccershop.com/p-214326/real-madrid-2021-2022-home-goalkeeper-shirt-black-casillas-1.html,ˆ110.14,ˆ42.24,ˆ6.04
Real Madrid 2021-2022 Long Sleeve Home Shirt (Kids) (Your Name),https://www.uksoccershop.com/p-214284/real-madrid-2021-2022-long-sleeve-home-shirt-kids-your-name.html,ˆ84.08,ˆ42.24,ˆ6.04
Real Madrid 2021-2022 Long Sleeve Home Shirt (Kids) (ZIDANE 5),https://www.uksoccershop.com/p-214283/real-madrid-2021-2022-long-sleeve-home-shirt-kids-zidane-5.html,ˆ84.08,ˆ42.24,ˆ6.04
Real Madrid 2021-2022 Long Sleeve Home Shirt (Kids) (VINI JR 20),https://www.uksoccershop.com/p-214282/real-madrid-2021-2022-long-sleeve-home-shirt-kids-vinicius-jr-20.html,ˆ84.08,ˆ42.24,ˆ6.04
Real Madrid 2021-2022 Long Sleeve Home Shirt (Kids) (LUCAS V 17),https://www.uksoccershop.com/p-214281/real-madrid-2021-2022-long-sleeve-home-shirt-kids-vazquez-17.html,ˆ84.08,ˆ42.24,ˆ6.04
Real Madrid 2021-2022 Long Sleeve Home Shirt (Kids) (VARANE 5),https://www.uksoccershop.com/p-214280/real-madrid-2021-2022-long-sleeve-home-shirt-kids-varane-5.html,ˆ84.08,ˆ42.24,ˆ6.04
Real Madrid 2021-2022 Long Sleeve Home Shirt (Kids) (VALVERDE 15),https://www.uksoccershop.com/p-214279/real-madrid-2021-2022-long-sleeve-home-shirt-kids-valverde-15.html,ˆ84.08,ˆ42.24,ˆ6.04
Real Madrid 2021-2022 Long Sleeve Home Shirt (Kids) (SERGIO RAMOS 4),https://www.uksoccershop.com/p-214278/real-madrid-2021-2022-long-sleeve-home-shirt-kids-sergio-ramos-4.html,ˆ84.08,ˆ42.24,ˆ6.04
Real Madrid 2021-2022 Long Sleeve Home Shirt (Kids) (RONALDO 7),https://www.uksoccershop.com/p-214277/real-madrid-2021-2022-long-sleeve-home-shirt-kids-ronaldo-7.html,ˆ84.08,ˆ42.24,ˆ6.04
Real Madrid 2021-2022 Long Sleeve Home Shirt (Kids) (RODRYGO 21),https://www.uksoccershop.com/p-214276/real-madrid-2021-2022-long-sleeve-home-shirt-kids-rodrygo-25.html,ˆ84.08,ˆ42.24,ˆ6.04
Real Madrid 2021-2022 Long Sleeve Home Shirt (Kids) (RAUL 7),https://www.uksoccershop.com/p-214275/real-madrid-2021-2022-long-sleeve-home-shirt-kids-raul-7.html,ˆ84.08,ˆ42.24,ˆ6.04
Real Madrid 2021-2022 Long Sleeve Home Shirt (Kids) (R CARLOS 3),https://www.uksoccershop.com/p-214274/real-madrid-2021-2022-long-sleeve-home-shirt-kids-r-carlos-3.html,ˆ84.08,ˆ42.24,ˆ6.04
Real Madrid 2021-2022 Long Sleeve Home Shirt (Kids) (PUSKAS 10),https://www.uksoccershop.com/p-214273/real-madrid-2021-2022-long-sleeve-home-shirt-kids-puskas-10.html,ˆ84.08,ˆ42.24,ˆ6.04
Real Madrid 2021-2022 Long Sleeve Home Shirt (Kids) (NACHO 6),https://www.uksoccershop.com/p-214272/real-madrid-2021-2022-long-sleeve-home-shirt-kids-nacho-6.html,ˆ84.08,ˆ42.24,ˆ6.04
Real Madrid 2021-2022 Long Sleeve Home Shirt (Kids) (MODRIC 10),https://www.uksoccershop.com/p-214271/real-madrid-2021-2022-long-sleeve-home-shirt-kids-modric-10.html,ˆ84.08,ˆ42.24,ˆ6.04
Real Madrid 2021-2022 Long Sleeve Home Shirt (Kids) (F MENDY 23),https://www.uksoccershop.com/p-214270/real-madrid-2021-2022-long-sleeve-home-shirt-kids-mendy-23.html,ˆ84.08,ˆ42.24,ˆ6.04
Real Madrid 2021-2022 Long Sleeve Home Shirt (Kids) (MARCELO 12),https://www.uksoccershop.com/p-214269/real-madrid-2021-2022-long-sleeve-home-shirt-kids-marcelo-12.html,ˆ84.08,ˆ42.24,ˆ6.04
Real Madrid 2021-2022 Long Sleeve Home Shirt (Kids) (KROOS 8),https://www.uksoccershop.com/p-214268/real-madrid-2021-2022-long-sleeve-home-shirt-kids-kroos-8.html,ˆ84.08,ˆ42.24,ˆ6.04
Real Madrid 2021-2022 Long Sleeve Home Shirt (Kids) (KAKA 8),https://www.uksoccershop.com/p-214267/real-madrid-2021-2022-long-sleeve-home-shirt-kids-kaka-8.html,ˆ84.08,ˆ42.24,ˆ6.04
Real Madrid 2021-2022 Long Sleeve Home Shirt (Kids) (ISCO 22),https://www.uksoccershop.com/p-214266/real-madrid-2021-2022-long-sleeve-home-shirt-kids-isco-8.html,ˆ84.08,ˆ42.24,ˆ6.04
Real Madrid 2021-2022 Long Sleeve Home Shirt (Kids) (HAZARD 7),https://www.uksoccershop.com/p-214265/real-madrid-2021-2022-long-sleeve-home-shirt-kids-hazard-7.html,ˆ84.08,ˆ42.24,ˆ6.04
Real Madrid 2021-2022 Long Sleeve Home Shirt (Kids) (FIGO 10),https://www.uksoccershop.com/p-214264/real-madrid-2021-2022-long-sleeve-home-shirt-kids-figo-10.html,ˆ84.08,ˆ42.24,ˆ6.04
Real Madrid 2021-2022 Long Sleeve Home Shirt (Kids) (DI STEFANO 9),https://www.uksoccershop.com/p-214263/real-madrid-2021-2022-long-sleeve-home-shirt-kids-di-stefano-9.html,ˆ84.08,ˆ42.24,ˆ6.04
Real Madrid 2021-2022 Long Sleeve Home Shirt (Kids) (CASEMIRO 14),https://www.uksoccershop.com/p-214262/real-madrid-2021-2022-long-sleeve-home-shirt-kids-casemiro-14.html,ˆ84.08,ˆ42.24,ˆ6.04
Real Madrid 2021-2022 Long Sleeve Home Shirt (Kids) (CARVAJAL 2),https://www.uksoccershop.com/p-214260/real-madrid-2021-2022-long-sleeve-home-shirt-kids-carvajal-2.html,ˆ84.08,ˆ42.24,ˆ6.04
Real Madrid 2021-2022 Long Sleeve Home Shirt (Kids) (BENZEMA 9),https://www.uksoccershop.com/p-214258/real-madrid-2021-2022-long-sleeve-home-shirt-kids-benzema-9.html,ˆ84.08,ˆ42.24,ˆ6.04
Real Madrid 2021-2022 Long Sleeve Home Shirt (Kids) (BECKHAM 23),https://www.uksoccershop.com/p-214256/real-madrid-2021-2022-long-sleeve-home-shirt-kids-beckham-23.html,ˆ84.08,ˆ42.24,ˆ6.04
Real Madrid 2021-2022 Long Sleeve Home Shirt (Kids) (BALE 18),https://www.uksoccershop.com/p-214254/real-madrid-2021-2022-long-sleeve-home-shirt-kids-bale-11.html,ˆ84.08,ˆ42.24,ˆ6.04
Real Madrid 2021-2022 Long Sleeve Home Shirt (Kids) (ASENSIO 11),https://www.uksoccershop.com/p-214252/real-madrid-2021-2022-long-sleeve-home-shirt-kids-asensio-11.html,ˆ84.08,ˆ42.24,ˆ6.04
Real Madrid 2021-2022 Long Sleeve Home Shirt (Your Name),https://www.uksoccershop.com/p-214190/real-madrid-2021-2022-long-sleeve-home-shirt-your-name.html,ˆ123.17,ˆ42.24,ˆ6.04
Real Madrid 2021-2022 Long Sleeve Home Shirt (ZIDANE 5),https://www.uksoccershop.com/p-214189/real-madrid-2021-2022-long-sleeve-home-shirt-zidane-5.html,ˆ123.17,ˆ42.24,ˆ6.04
Real Madrid 2021-2022 Long Sleeve Home Shirt (VINI JR 20),https://www.uksoccershop.com/p-214188/real-madrid-2021-2022-long-sleeve-home-shirt-vinicius-jr-20.html,ˆ123.17,ˆ42.24,ˆ6.04
Real Madrid 2021-2022 Long Sleeve Home Shirt (LUCAS V 17),https://www.uksoccershop.com/p-214187/real-madrid-2021-2022-long-sleeve-home-shirt-vazquez-17.html,ˆ123.17,ˆ42.24,ˆ6.04
Real Madrid 2021-2022 Long Sleeve Home Shirt (VARANE 5),https://www.uksoccershop.com/p-214186/real-madrid-2021-2022-long-sleeve-home-shirt-varane-5.html,ˆ123.17,ˆ42.24,ˆ6.04
Real Madrid 2021-2022 Long Sleeve Home Shirt (VALVERDE 15),https://www.uksoccershop.com/p-214185/real-madrid-2021-2022-long-sleeve-home-shirt-valverde-15.html,ˆ123.17,ˆ42.24,ˆ6.04
Real Madrid 2021-2022 Long Sleeve Home Shirt (SERGIO RAMOS 4),https://www.uksoccershop.com/p-214184/real-madrid-2021-2022-long-sleeve-home-shirt-sergio-ramos-4.html,ˆ123.17,ˆ42.24,ˆ6.04
Real Madrid 2021-2022 Long Sleeve Home Shirt (RONALDO 7),https://www.uksoccershop.com/p-214183/real-madrid-2021-2022-long-sleeve-home-shirt-ronaldo-7.html,ˆ123.17,ˆ42.24,ˆ6.04
Real Madrid 2021-2022 Long Sleeve Home Shirt (RODRYGO 21),https://www.uksoccershop.com/p-214182/real-madrid-2021-2022-long-sleeve-home-shirt-rodrygo-25.html,ˆ123.17,ˆ42.24,ˆ6.04
Real Madrid 2021-2022 Long Sleeve Home Shirt (RAUL 7),https://www.uksoccershop.com/p-214181/real-madrid-2021-2022-long-sleeve-home-shirt-raul-7.html,ˆ123.17,ˆ42.24,ˆ6.04
Real Madrid 2021-2022 Long Sleeve Home Shirt (R CARLOS 3),https://www.uksoccershop.com/p-214180/real-madrid-2021-2022-long-sleeve-home-shirt-r-carlos-3.html,ˆ123.17,ˆ42.24,ˆ6.04
Real Madrid 2021-2022 Long Sleeve Home Shirt (PUSKAS 10),https://www.uksoccershop.com/p-214179/real-madrid-2021-2022-long-sleeve-home-shirt-puskas-10.html,ˆ123.17,ˆ42.24,ˆ6.04
Real Madrid 2021-2022 Long Sleeve Home Shirt (NACHO 6),https://www.uksoccershop.com/p-214178/real-madrid-2021-2022-long-sleeve-home-shirt-nacho-6.html,ˆ123.17,ˆ42.24,ˆ6.04
Real Madrid 2021-2022 Long Sleeve Home Shirt (MODRIC 10),https://www.uksoccershop.com/p-214177/real-madrid-2021-2022-long-sleeve-home-shirt-modric-10.html,ˆ123.17,ˆ42.24,ˆ6.04
Real Madrid 2021-2022 Long Sleeve Home Shirt (F MENDY 23),https://www.uksoccershop.com/p-214176/real-madrid-2021-2022-long-sleeve-home-shirt-mendy-23.html,ˆ123.17,ˆ42.24,ˆ6.04
Real Madrid 2021-2022 Long Sleeve Home Shirt (MARCELO 12),https://www.uksoccershop.com/p-214175/real-madrid-2021-2022-long-sleeve-home-shirt-marcelo-12.html,ˆ123.17,ˆ42.24,ˆ6.04
Real Madrid 2021-2022 Long Sleeve Home Shirt (KROOS 8),https://www.uksoccershop.com/p-214174/real-madrid-2021-2022-long-sleeve-home-shirt-kroos-8.html,ˆ123.17,ˆ42.24,ˆ6.04
Real Madrid 2021-2022 Long Sleeve Home Shirt (KAKA 8),https://www.uksoccershop.com/p-214173/real-madrid-2021-2022-long-sleeve-home-shirt-kaka-8.html,ˆ123.17,ˆ42.24,ˆ6.04
Real Madrid 2021-2022 Long Sleeve Home Shirt (ISCO 22),https://www.uksoccershop.com/p-214172/real-madrid-2021-2022-long-sleeve-home-shirt-isco-8.html,ˆ123.17,ˆ42.24,ˆ6.04
Real Madrid 2021-2022 Long Sleeve Home Shirt (HAZARD 7),https://www.uksoccershop.com/p-214171/real-madrid-2021-2022-long-sleeve-home-shirt-hazard-7.html,ˆ123.17,ˆ42.24,ˆ6.04
Real Madrid 2021-2022 Long Sleeve Home Shirt (FIGO 10),https://www.uksoccershop.com/p-214170/real-madrid-2021-2022-long-sleeve-home-shirt-figo-10.html,ˆ123.17,ˆ42.24,ˆ6.04
Real Madrid 2021-2022 Long Sleeve Home Shirt (DI STEFANO 9),https://www.uksoccershop.com/p-214169/real-madrid-2021-2022-long-sleeve-home-shirt-di-stefano-9.html,ˆ123.17,ˆ42.24,ˆ6.04
Real Madrid 2021-2022 Long Sleeve Home Shirt (CASEMIRO 14),https://www.uksoccershop.com/p-214168/real-madrid-2021-2022-long-sleeve-home-shirt-casemiro-14.html,ˆ123.17,ˆ42.24,ˆ6.04
Real Madrid 2021-2022 Long Sleeve Home Shirt (CARVAJAL 2),https://www.uksoccershop.com/p-214167/real-madrid-2021-2022-long-sleeve-home-shirt-carvajal-2.html,ˆ123.17,ˆ42.24,ˆ6.04
Real Madrid 2021-2022 Long Sleeve Home Shirt (BENZEMA 9),https://www.uksoccershop.com/p-214166/real-madrid-2021-2022-long-sleeve-home-shirt-benzema-9.html,ˆ123.17,ˆ42.24,ˆ6.04
Real Madrid 2021-2022 Long Sleeve Home Shirt (BECKHAM 23),https://www.uksoccershop.com/p-214165/real-madrid-2021-2022-long-sleeve-home-shirt-beckham-23.html,ˆ123.17,ˆ42.24,ˆ6.04
Real Madrid 2021-2022 Long Sleeve Home Shirt (BALE 18),https://www.uksoccershop.com/p-214164/real-madrid-2021-2022-long-sleeve-home-shirt-bale-11.html,ˆ123.17,ˆ42.24,ˆ6.04
Real Madrid 2021-2022 Long Sleeve Home Shirt (ASENSIO 11),https://www.uksoccershop.com/p-214163/real-madrid-2021-2022-long-sleeve-home-shirt-asensio-11.html,ˆ123.17,ˆ42.24,ˆ6.04
Real Madrid 2021-2022 Womens Home Shirt (Your Name),https://www.uksoccershop.com/p-214129/real-madrid-2021-2022-womens-home-shirt-your-name.html,ˆ110.14,ˆ42.24,ˆ6.04
Real Madrid 2021-2022 Womens Home Shirt (ZIDANE 5),https://www.uksoccershop.com/p-214128/real-madrid-2021-2022-womens-home-shirt-zidane-5.html,ˆ110.14,ˆ42.24,ˆ6.04
Real Madrid 2021-2022 Womens Home Shirt (VINI JR 20),https://www.uksoccershop.com/p-214127/real-madrid-2021-2022-womens-home-shirt-vinicius-jr-20.html,ˆ110.14,ˆ42.24,ˆ6.04
Real Madrid 2021-2022 Womens Home Shirt (LUCAS V 17),https://www.uksoccershop.com/p-214126/real-madrid-2021-2022-womens-home-shirt-vazquez-17.html,ˆ110.14,ˆ42.24,ˆ6.04
Real Madrid 2021-2022 Womens Home Shirt (VARANE 5),https://www.uksoccershop.com/p-214125/real-madrid-2021-2022-womens-home-shirt-varane-5.html,ˆ110.14,ˆ42.24,ˆ6.04
Real Madrid 2021-2022 Womens Home Shirt (VALVERDE 15),https://www.uksoccershop.com/p-214124/real-madrid-2021-2022-womens-home-shirt-valverde-15.html,ˆ110.14,ˆ42.24,ˆ6.04
Real Madrid 2021-2022 Womens Home Shirt (SERGIO RAMOS 4),https://www.uksoccershop.com/p-214123/real-madrid-2021-2022-womens-home-shirt-sergio-ramos-4.html,ˆ110.14,ˆ42.24,ˆ6.04
Real Madrid 2021-2022 Womens Home Shirt (RONALDO 7),https://www.uksoccershop.com/p-214122/real-madrid-2021-2022-womens-home-shirt-ronaldo-7.html,ˆ110.14,ˆ42.24,ˆ6.04
Real Madrid 2021-2022 Womens Home Shirt (RODRYGO 21),https://www.uksoccershop.com/p-214121/real-madrid-2021-2022-womens-home-shirt-rodrygo-25.html,ˆ110.14,ˆ42.24,ˆ6.04
Real Madrid 2021-2022 Womens Home Shirt (RAUL 7),https://www.uksoccershop.com/p-214120/real-madrid-2021-2022-womens-home-shirt-raul-7.html,ˆ110.14,ˆ42.24,ˆ6.04
Real Madrid 2021-2022 Womens Home Shirt (R CARLOS 3),https://www.uksoccershop.com/p-214119/real-madrid-2021-2022-womens-home-shirt-r-carlos-3.html,ˆ110.14,ˆ42.24,ˆ6.04
Real Madrid 2021-2022 Womens Home Shirt (PUSKAS 10),https://www.uksoccershop.com/p-214118/real-madrid-2021-2022-womens-home-shirt-puskas-10.html,ˆ110.14,ˆ42.24,ˆ6.04
Real Madrid 2021-2022 Womens Home Shirt (NACHO 6),https://www.uksoccershop.com/p-214117/real-madrid-2021-2022-womens-home-shirt-nacho-6.html,ˆ110.14,ˆ42.24,ˆ6.04
Real Madrid 2021-2022 Womens Home Shirt (MODRIC 10),https://www.uksoccershop.com/p-214116/real-madrid-2021-2022-womens-home-shirt-modric-10.html,ˆ110.14,ˆ42.24,ˆ6.04
Real Madrid 2021-2022 Womens Home Shirt (F MENDY 23),https://www.uksoccershop.com/p-214115/real-madrid-2021-2022-womens-home-shirt-mendy-23.html,ˆ110.14,ˆ42.24,ˆ6.04
Real Madrid 2021-2022 Womens Home Shirt (MARCELO 12),https://www.uksoccershop.com/p-214114/real-madrid-2021-2022-womens-home-shirt-marcelo-12.html,ˆ110.14,ˆ42.24,ˆ6.04
Real Madrid 2021-2022 Womens Home Shirt (KROOS 8),https://www.uksoccershop.com/p-214113/real-madrid-2021-2022-womens-home-shirt-kroos-8.html,ˆ110.14,ˆ42.24,ˆ6.04
Real Madrid 2021-2022 Womens Home Shirt (KAKA 8),https://www.uksoccershop.com/p-214112/real-madrid-2021-2022-womens-home-shirt-kaka-8.html,ˆ110.14,ˆ42.24,ˆ6.04
Real Madrid 2021-2022 Womens Home Shirt (ISCO 22),https://www.uksoccershop.com/p-214111/real-madrid-2021-2022-womens-home-shirt-isco-8.html,ˆ110.14,ˆ42.24,ˆ6.04
Real Madrid 2021-2022 Womens Home Shirt (HAZARD 7),https://www.uksoccershop.com/p-214110/real-madrid-2021-2022-womens-home-shirt-hazard-7.html,ˆ110.14,ˆ42.24,ˆ6.04
Real Madrid 2021-2022 Womens Home Shirt (FIGO 10),https://www.uksoccershop.com/p-214109/real-madrid-2021-2022-womens-home-shirt-figo-10.html,ˆ110.14,ˆ42.24,ˆ6.04
Real Madrid 2021-2022 Womens Home Shirt (DI STEFANO 9),https://www.uksoccershop.com/p-214108/real-madrid-2021-2022-womens-home-shirt-di-stefano-9.html,ˆ110.14,ˆ42.24,ˆ6.04
Real Madrid 2021-2022 Womens Home Shirt (CASEMIRO 14),https://www.uksoccershop.com/p-214107/real-madrid-2021-2022-womens-home-shirt-casemiro-14.html,ˆ110.14,ˆ42.24,ˆ6.04
Real Madrid 2021-2022 Womens Home Shirt (CARVAJAL 2),https://www.uksoccershop.com/p-214106/real-madrid-2021-2022-womens-home-shirt-carvajal-2.html,ˆ110.14,ˆ42.24,ˆ6.04
Real Madrid 2021-2022 Womens Home Shirt (BENZEMA 9),https://www.uksoccershop.com/p-214105/real-madrid-2021-2022-womens-home-shirt-benzema-9.html,ˆ110.14,ˆ42.24,ˆ6.04
Real Madrid 2021-2022 Womens Home Shirt (BECKHAM 23),https://www.uksoccershop.com/p-214104/real-madrid-2021-2022-womens-home-shirt-beckham-23.html,ˆ110.14,ˆ42.24,ˆ6.04
Real Madrid 2021-2022 Womens Home Shirt (BALE 18),https://www.uksoccershop.com/p-214103/real-madrid-2021-2022-womens-home-shirt-bale-11.html,ˆ110.14,ˆ42.24,ˆ6.04
Real Madrid 2021-2022 Womens Home Shirt (ASENSIO 11),https://www.uksoccershop.com/p-214102/real-madrid-2021-2022-womens-home-shirt-asensio-11.html,ˆ110.14,ˆ42.24,ˆ6.04
Real Madrid 2021-2022 Home Shirt (Kids) (Your Name),https://www.uksoccershop.com/p-214068/real-madrid-2021-2022-home-shirt-kids-your-name.html,ˆ94.74,ˆ42.24,ˆ6.04
Real Madrid 2021-2022 Home Shirt (Kids) (ZIDANE 5),https://www.uksoccershop.com/p-214067/real-madrid-2021-2022-home-shirt-kids-zidane-5.html,ˆ94.74,ˆ42.24,ˆ6.04
Real Madrid 2021-2022 Home Shirt (Kids) (VINI JR 20),https://www.uksoccershop.com/p-214066/real-madrid-2021-2022-home-shirt-kids-vinicius-jr-20.html,ˆ94.74,ˆ42.24,ˆ6.04
Real Madrid 2021-2022 Home Shirt (Kids) (LUCAS V 17),https://www.uksoccershop.com/p-214065/real-madrid-2021-2022-home-shirt-kids-vazquez-17.html,ˆ94.74,ˆ42.24,ˆ6.04
Real Madrid 2021-2022 Home Shirt (Kids) (VARANE 5),https://www.uksoccershop.com/p-214064/real-madrid-2021-2022-home-shirt-kids-varane-5.html,ˆ94.74,ˆ42.24,ˆ6.04
Real Madrid 2021-2022 Home Shirt (Kids) (VALVERDE 15),https://www.uksoccershop.com/p-214063/real-madrid-2021-2022-home-shirt-kids-valverde-15.html,ˆ94.74,ˆ42.24,ˆ6.04
Real Madrid 2021-2022 Home Shirt (Kids) (SERGIO RAMOS 4),https://www.uksoccershop.com/p-214062/real-madrid-2021-2022-home-shirt-kids-sergio-ramos-4.html,ˆ94.74,ˆ42.24,ˆ6.04
Real Madrid 2021-2022 Home Shirt (Kids) (RONALDO 7),https://www.uksoccershop.com/p-214061/real-madrid-2021-2022-home-shirt-kids-ronaldo-7.html,ˆ94.74,ˆ42.24,ˆ6.04
Real Madrid 2021-2022 Home Shirt (Kids) (RODRYGO 21),https://www.uksoccershop.com/p-214060/real-madrid-2021-2022-home-shirt-kids-rodrygo-25.html,ˆ94.74,ˆ42.24,ˆ6.04
Real Madrid 2021-2022 Home Shirt (Kids) (RAUL 7),https://www.uksoccershop.com/p-214059/real-madrid-2021-2022-home-shirt-kids-raul-7.html,ˆ94.74,ˆ42.24,ˆ6.04
Real Madrid 2021-2022 Home Shirt (Kids) (R CARLOS 3),https://www.uksoccershop.com/p-214058/real-madrid-2021-2022-home-shirt-kids-r-carlos-3.html,ˆ94.74,ˆ42.24,ˆ6.04
Real Madrid 2021-2022 Home Shirt (Kids) (PUSKAS 10),https://www.uksoccershop.com/p-214057/real-madrid-2021-2022-home-shirt-kids-puskas-10.html,ˆ94.74,ˆ42.24,ˆ6.04
Real Madrid 2021-2022 Home Shirt (Kids) (NACHO 6),https://www.uksoccershop.com/p-214056/real-madrid-2021-2022-home-shirt-kids-nacho-6.html,ˆ94.74,ˆ42.24,ˆ6.04
Real Madrid 2021-2022 Home Shirt (Kids) (MODRIC 10),https://www.uksoccershop.com/p-214055/real-madrid-2021-2022-home-shirt-kids-modric-10.html,ˆ94.74,ˆ42.24,ˆ6.04
Real Madrid 2021-2022 Home Shirt (Kids) (F MENDY 23),https://www.uksoccershop.com/p-214054/real-madrid-2021-2022-home-shirt-kids-mendy-23.html,ˆ94.74,ˆ42.24,ˆ6.04
Real Madrid 2021-2022 Home Shirt (Kids) (MARCELO 12),https://www.uksoccershop.com/p-214053/real-madrid-2021-2022-home-shirt-kids-marcelo-12.html,ˆ94.74,ˆ42.24,ˆ6.04
Real Madrid 2021-2022 Home Shirt (Kids) (KROOS 8),https://www.uksoccershop.com/p-214052/real-madrid-2021-2022-home-shirt-kids-kroos-8.html,ˆ94.74,ˆ42.24,ˆ6.04
Real Madrid 2021-2022 Home Shirt (Kids) (KAKA 8),https://www.uksoccershop.com/p-214051/real-madrid-2021-2022-home-shirt-kids-kaka-8.html,ˆ94.74,ˆ42.24,ˆ6.04
Real Madrid 2021-2022 Home Shirt (Kids) (ISCO 22),https://www.uksoccershop.com/p-214050/real-madrid-2021-2022-home-shirt-kids-isco-8.html,ˆ94.74,ˆ42.24,ˆ6.04
Real Madrid 2021-2022 Home Shirt (Kids) (HAZARD 7),https://www.uksoccershop.com/p-214049/real-madrid-2021-2022-home-shirt-kids-hazard-7.html,ˆ94.74,ˆ42.24,ˆ6.04
Real Madrid 2021-2022 Home Shirt (Kids) (FIGO 10),https://www.uksoccershop.com/p-214048/real-madrid-2021-2022-home-shirt-kids-figo-10.html,ˆ94.74,ˆ42.24,ˆ6.04
Real Madrid 2021-2022 Home Shirt (Kids) (DI STEFANO 9),https://www.uksoccershop.com/p-214047/real-madrid-2021-2022-home-shirt-kids-di-stefano-9.html,ˆ94.74,ˆ42.24,ˆ6.04
Real Madrid 2021-2022 Home Shirt (Kids) (CASEMIRO 14),https://www.uksoccershop.com/p-214046/real-madrid-2021-2022-home-shirt-kids-casemiro-14.html,ˆ94.74,ˆ42.24,ˆ6.04
Real Madrid 2021-2022 Home Shirt (Kids) (CARVAJAL 2),https://www.uksoccershop.com/p-214045/real-madrid-2021-2022-home-shirt-kids-carvajal-2.html,ˆ94.74,ˆ42.24,ˆ6.04
Real Madrid 2021-2022 Home Shirt (Kids) (BENZEMA 9),https://www.uksoccershop.com/p-214044/real-madrid-2021-2022-home-shirt-kids-benzema-9.html,ˆ94.74,ˆ42.24,ˆ6.04
Real Madrid 2021-2022 Home Shirt (Kids) (BECKHAM 23),https://www.uksoccershop.com/p-214043/real-madrid-2021-2022-home-shirt-kids-beckham-23.html,ˆ94.74,ˆ42.24,ˆ6.04
Real Madrid 2021-2022 Home Shirt (Kids) (BALE 18),https://www.uksoccershop.com/p-214042/real-madrid-2021-2022-home-shirt-kids-bale-11.html,ˆ94.74,ˆ42.24,ˆ6.04
Real Madrid 2021-2022 Home Shirt (Kids) (ASENSIO 11),https://www.uksoccershop.com/p-214041/real-madrid-2021-2022-home-shirt-kids-asensio-11.html,ˆ94.74,ˆ42.24,ˆ6.04
Real Madrid 2021-2022 Home Shirt (Your Name),https://www.uksoccershop.com/p-214007/real-madrid-2021-2022-home-shirt-your-name.html,ˆ110.14,ˆ42.24,ˆ6.04
Real Madrid 2021-2022 Home Shirt (ZIDANE 5),https://www.uksoccershop.com/p-214006/real-madrid-2021-2022-home-shirt-zidane-5.html,ˆ110.14,ˆ42.24,ˆ6.04
Real Madrid 2021-2022 Home Shirt (VINI JR 20),https://www.uksoccershop.com/p-214005/real-madrid-2021-2022-home-shirt-vinicius-jr-20.html,ˆ110.14,ˆ42.24,ˆ6.04
Real Madrid 2021-2022 Home Shirt (LUCAS V 17),https://www.uksoccershop.com/p-214004/real-madrid-2021-2022-home-shirt-vazquez-17.html,ˆ110.14,ˆ42.24,ˆ6.04
Real Madrid 2021-2022 Home Shirt (VARANE 5),https://www.uksoccershop.com/p-214003/real-madrid-2021-2022-home-shirt-varane-5.html,ˆ110.14,ˆ42.24,ˆ6.04
Real Madrid 2021-2022 Home Shirt (VALVERDE 15),https://www.uksoccershop.com/p-214002/real-madrid-2021-2022-home-shirt-valverde-15.html,ˆ110.14,ˆ42.24,ˆ6.04
Real Madrid 2021-2022 Home Shirt (SERGIO RAMOS 4),https://www.uksoccershop.com/p-214001/real-madrid-2021-2022-home-shirt-sergio-ramos-4.html,ˆ110.14,ˆ42.24,ˆ6.04
Real Madrid 2021-2022 Home Shirt (RONALDO 7),https://www.uksoccershop.com/p-214000/real-madrid-2021-2022-home-shirt-ronaldo-7.html,ˆ110.14,ˆ42.24,ˆ6.04
Real Madrid 2021-2022 Home Shirt (RODRYGO 21),https://www.uksoccershop.com/p-213999/real-madrid-2021-2022-home-shirt-rodrygo-25.html,ˆ110.14,ˆ42.24,ˆ6.04
Real Madrid 2021-2022 Home Shirt (RAUL 7),https://www.uksoccershop.com/p-213998/real-madrid-2021-2022-home-shirt-raul-7.html,ˆ110.14,ˆ42.24,ˆ6.04
Real Madrid 2021-2022 Home Shirt (R CARLOS 3),https://www.uksoccershop.com/p-213997/real-madrid-2021-2022-home-shirt-r-carlos-3.html,ˆ110.14,ˆ42.24,ˆ6.04
Real Madrid 2021-2022 Home Shirt (PUSKAS 10),https://www.uksoccershop.com/p-213996/real-madrid-2021-2022-home-shirt-puskas-10.html,ˆ110.14,ˆ42.24,ˆ6.04
Real Madrid 2021-2022 Home Shirt (NACHO 6),https://www.uksoccershop.com/p-213995/real-madrid-2021-2022-home-shirt-nacho-6.html,ˆ110.14,ˆ42.24,ˆ6.04
Real Madrid 2021-2022 Home Shirt (MODRIC 10),https://www.uksoccershop.com/p-213994/real-madrid-2021-2022-home-shirt-modric-10.html,ˆ110.14,ˆ42.24,ˆ6.04
Real Madrid 2021-2022 Home Shirt (F MENDY 23),https://www.uksoccershop.com/p-213993/real-madrid-2021-2022-home-shirt-mendy-23.html,ˆ110.14,ˆ42.24,ˆ6.04
Real Madrid 2021-2022 Home Shirt (MARCELO 12),https://www.uksoccershop.com/p-213992/real-madrid-2021-2022-home-shirt-marcelo-12.html,ˆ110.14,ˆ42.24,ˆ6.04
Real Madrid 2021-2022 Home Shirt (KROOS 8),https://www.uksoccershop.com/p-213991/real-madrid-2021-2022-home-shirt-kroos-8.html,ˆ110.14,ˆ42.24,ˆ6.04
Real Madrid 2021-2022 Home Shirt (KAKA 8),https://www.uksoccershop.com/p-213990/real-madrid-2021-2022-home-shirt-kaka-8.html,ˆ110.14,ˆ42.24,ˆ6.04
Real Madrid 2021-2022 Home Shirt (ISCO 22),https://www.uksoccershop.com/p-213989/real-madrid-2021-2022-home-shirt-isco-8.html,ˆ110.14,ˆ42.24,ˆ6.04
Real Madrid 2021-2022 Home Shirt (HAZARD 7),https://www.uksoccershop.com/p-213988/real-madrid-2021-2022-home-shirt-hazard-7.html,ˆ110.14,ˆ42.24,ˆ6.04
Real Madrid 2021-2022 Home Shirt (FIGO 10),https://www.uksoccershop.com/p-213987/real-madrid-2021-2022-home-shirt-figo-10.html,ˆ110.14,ˆ42.24,ˆ6.04
Real Madrid 2021-2022 Home Shirt (DI STEFANO 9),https://www.uksoccershop.com/p-213986/real-madrid-2021-2022-home-shirt-di-stefano-9.html,ˆ110.14,ˆ42.24,ˆ6.04
Real Madrid 2021-2022 Home Shirt (CASEMIRO 14),https://www.uksoccershop.com/p-213985/real-madrid-2021-2022-home-shirt-casemiro-14.html,ˆ110.14,ˆ42.24,ˆ6.04
Real Madrid 2021-2022 Home Shirt (CARVAJAL 2),https://www.uksoccershop.com/p-213984/real-madrid-2021-2022-home-shirt-carvajal-2.html,ˆ110.14,ˆ42.24,ˆ6.04
Real Madrid 2021-2022 Home Shirt (BENZEMA 9),https://www.uksoccershop.com/p-213983/real-madrid-2021-2022-home-shirt-benzema-9.html,ˆ110.14,ˆ42.24,ˆ6.04
Real Madrid 2021-2022 Home Shirt (BECKHAM 23),https://www.uksoccershop.com/p-213982/real-madrid-2021-2022-home-shirt-beckham-23.html,ˆ110.14,ˆ42.24,ˆ6.04
Real Madrid 2021-2022 Home Shirt (BALE 18),https://www.uksoccershop.com/p-213981/real-madrid-2021-2022-home-shirt-bale-11.html,ˆ110.14,ˆ42.24,ˆ6.04
Real Madrid 2021-2022 Home Shirt (ASENSIO 11),https://www.uksoccershop.com/p-213980/real-madrid-2021-2022-home-shirt-asensio-11.html,ˆ110.14,ˆ42.24,ˆ6.04
Real Madrid 2021-2022 Home Youth Kit (RONALDO 7),https://www.uksoccershop.com/p-213906/real-madrid-2021-2022-home-youth-kit-ronaldo-7.html,ˆ112.51,ˆ42.24,ˆ6.04
Real Madrid 2021-2022 Home Baby Kit (Your Name),https://www.uksoccershop.com/p-213852/real-madrid-2021-2022-home-baby-kit-your-name.html,ˆ61.58,ˆ42.24,ˆ6.04
Real Madrid 2021-2022 Home Baby Kit (ZIDANE 5),https://www.uksoccershop.com/p-213851/real-madrid-2021-2022-home-baby-kit-zidane-5.html,ˆ61.58,ˆ42.24,ˆ6.04
Real Madrid 2021-2022 Home Baby Kit (VINI JR 20),https://www.uksoccershop.com/p-213850/real-madrid-2021-2022-home-baby-kit-vinicius-jr-20.html,ˆ61.58,ˆ42.24,ˆ6.04
Real Madrid 2021-2022 Home Baby Kit (LUCAS V 17),https://www.uksoccershop.com/p-213849/real-madrid-2021-2022-home-baby-kit-vazquez-17.html,ˆ61.58,ˆ42.24,ˆ6.04
Real Madrid 2021-2022 Home Baby Kit (VARANE 5),https://www.uksoccershop.com/p-213848/real-madrid-2021-2022-home-baby-kit-varane-5.html,ˆ61.58,ˆ42.24,ˆ6.04
Real Madrid 2021-2022 Home Baby Kit (VALVERDE 15),https://www.uksoccershop.com/p-213847/real-madrid-2021-2022-home-baby-kit-valverde-15.html,ˆ61.58,ˆ42.24,ˆ6.04
Real Madrid 2021-2022 Home Baby Kit (SERGIO RAMOS 4),https://www.uksoccershop.com/p-213846/real-madrid-2021-2022-home-baby-kit-sergio-ramos-4.html,ˆ61.58,ˆ42.24,ˆ6.04
Real Madrid 2021-2022 Home Baby Kit (RONALDO 7),https://www.uksoccershop.com/p-213845/real-madrid-2021-2022-home-baby-kit-ronaldo-7.html,ˆ61.58,ˆ42.24,ˆ6.04
Real Madrid 2021-2022 Home Baby Kit (RODRYGO 21),https://www.uksoccershop.com/p-213844/real-madrid-2021-2022-home-baby-kit-rodrygo-25.html,ˆ61.58,ˆ42.24,ˆ6.04
Real Madrid 2021-2022 Home Baby Kit (RAUL 7),https://www.uksoccershop.com/p-213843/real-madrid-2021-2022-home-baby-kit-raul-7.html,ˆ61.58,ˆ42.24,ˆ6.04
Real Madrid 2021-2022 Home Baby Kit (R CARLOS 3),https://www.uksoccershop.com/p-213842/real-madrid-2021-2022-home-baby-kit-r-carlos-3.html,ˆ61.58,ˆ42.24,ˆ6.04
Real Madrid 2021-2022 Home Baby Kit (PUSKAS 10),https://www.uksoccershop.com/p-213841/real-madrid-2021-2022-home-baby-kit-puskas-10.html,ˆ61.58,ˆ42.24,ˆ6.04
Real Madrid 2021-2022 Home Baby Kit (NACHO 6),https://www.uksoccershop.com/p-213840/real-madrid-2021-2022-home-baby-kit-nacho-6.html,ˆ61.58,ˆ42.24,ˆ6.04
Real Madrid 2021-2022 Home Baby Kit (MODRIC 10),https://www.uksoccershop.com/p-213839/real-madrid-2021-2022-home-baby-kit-modric-10.html,ˆ61.58,ˆ42.24,ˆ6.04
Real Madrid 2021-2022 Home Baby Kit (F MENDY 23),https://www.uksoccershop.com/p-213838/real-madrid-2021-2022-home-baby-kit-mendy-23.html,ˆ61.58,ˆ42.24,ˆ6.04
Real Madrid 2021-2022 Home Baby Kit (MARCELO 12),https://www.uksoccershop.com/p-213837/real-madrid-2021-2022-home-baby-kit-marcelo-12.html,ˆ61.58,ˆ42.24,ˆ6.04
Real Madrid 2021-2022 Home Baby Kit (KROOS 8),https://www.uksoccershop.com/p-213836/real-madrid-2021-2022-home-baby-kit-kroos-8.html,ˆ61.58,ˆ42.24,ˆ6.04
Real Madrid 2021-2022 Home Baby Kit (KAKA 8),https://www.uksoccershop.com/p-213835/real-madrid-2021-2022-home-baby-kit-kaka-8.html,ˆ61.58,ˆ42.24,ˆ6.04
Real Madrid 2021-2022 Home Baby Kit (ISCO 22),https://www.uksoccershop.com/p-213834/real-madrid-2021-2022-home-baby-kit-isco-8.html,ˆ61.58,ˆ42.24,ˆ6.04
Real Madrid 2021-2022 Home Baby Kit (HAZARD 7),https://www.uksoccershop.com/p-213833/real-madrid-2021-2022-home-baby-kit-hazard-7.html,ˆ61.58,ˆ42.24,ˆ6.04
Real Madrid 2021-2022 Home Baby Kit (FIGO 10),https://www.uksoccershop.com/p-213832/real-madrid-2021-2022-home-baby-kit-figo-10.html,ˆ61.58,ˆ42.24,ˆ6.04
Real Madrid 2021-2022 Home Baby Kit (DI STEFANO 9),https://www.uksoccershop.com/p-213831/real-madrid-2021-2022-home-baby-kit-di-stefano-9.html,ˆ61.58,ˆ42.24,ˆ6.04
Real Madrid 2021-2022 Home Baby Kit (CASEMIRO 14),https://www.uksoccershop.com/p-213830/real-madrid-2021-2022-home-baby-kit-casemiro-14.html,ˆ61.58,ˆ42.24,ˆ6.04
Real Madrid 2021-2022 Home Baby Kit (CARVAJAL 2),https://www.uksoccershop.com/p-213829/real-madrid-2021-2022-home-baby-kit-carvajal-2.html,ˆ61.58,ˆ42.24,ˆ6.04
Real Madrid 2021-2022 Home Baby Kit (BENZEMA 9),https://www.uksoccershop.com/p-213828/real-madrid-2021-2022-home-baby-kit-benzema-9.html,ˆ61.58,ˆ42.24,ˆ6.04
Real Madrid 2021-2022 Home Baby Kit (BECKHAM 23),https://www.uksoccershop.com/p-213827/real-madrid-2021-2022-home-baby-kit-beckham-23.html,ˆ61.58,ˆ42.24,ˆ6.04
Real Madrid 2021-2022 Home Baby Kit (BALE 18),https://www.uksoccershop.com/p-213826/real-madrid-2021-2022-home-baby-kit-bale-11.html,ˆ61.58,ˆ42.24,ˆ6.04
Real Madrid 2021-2022 Home Baby Kit (ASENSIO 11),https://www.uksoccershop.com/p-213825/real-madrid-2021-2022-home-baby-kit-asensio-11.html,ˆ61.58,ˆ42.24,ˆ6.04
Real Madrid 2021-2022 Home Mini Kit (Your Name),https://www.uksoccershop.com/p-213824/real-madrid-2021-2022-home-mini-kit-your-name.html,ˆ71.05,ˆ42.24,ˆ6.04
Real Madrid 2021-2022 Home Mini Kit (ZIDANE 5),https://www.uksoccershop.com/p-213823/real-madrid-2021-2022-home-mini-kit-zidane-5.html,ˆ71.05,ˆ42.24,ˆ6.04
Real Madrid 2021-2022 Home Mini Kit (VINI JR 20),https://www.uksoccershop.com/p-213822/real-madrid-2021-2022-home-mini-kit-vinicius-jr-20.html,ˆ71.05,ˆ42.24,ˆ6.04
Real Madrid 2021-2022 Home Mini Kit (LUCAS V 17),https://www.uksoccershop.com/p-213821/real-madrid-2021-2022-home-mini-kit-vazquez-17.html,ˆ71.05,ˆ42.24,ˆ6.04
Real Madrid 2021-2022 Home Mini Kit (VARANE 5),https://www.uksoccershop.com/p-213820/real-madrid-2021-2022-home-mini-kit-varane-5.html,ˆ71.05,ˆ42.24,ˆ6.04
Real Madrid 2021-2022 Home Mini Kit (VALVERDE 15),https://www.uksoccershop.com/p-213819/real-madrid-2021-2022-home-mini-kit-valverde-15.html,ˆ71.05,ˆ42.24,ˆ6.04
Real Madrid 2021-2022 Home Mini Kit (SERGIO RAMOS 4),https://www.uksoccershop.com/p-213818/real-madrid-2021-2022-home-mini-kit-sergio-ramos-4.html,ˆ71.05,ˆ42.24,ˆ6.04
Real Madrid 2021-2022 Home Mini Kit (RONALDO 7),https://www.uksoccershop.com/p-213817/real-madrid-2021-2022-home-mini-kit-ronaldo-7.html,ˆ71.05,ˆ42.24,ˆ6.04
Real Madrid 2021-2022 Home Mini Kit (RODRYGO 21),https://www.uksoccershop.com/p-213816/real-madrid-2021-2022-home-mini-kit-rodrygo-25.html,ˆ71.05,ˆ42.24,ˆ6.04
Real Madrid 2021-2022 Home Mini Kit (RAUL 7),https://www.uksoccershop.com/p-213815/real-madrid-2021-2022-home-mini-kit-raul-7.html,ˆ71.05,ˆ42.24,ˆ6.04
Real Madrid 2021-2022 Home Mini Kit (R CARLOS 3),https://www.uksoccershop.com/p-213814/real-madrid-2021-2022-home-mini-kit-r-carlos-3.html,ˆ71.05,ˆ42.24,ˆ6.04
Real Madrid 2021-2022 Home Mini Kit (PUSKAS 10),https://www.uksoccershop.com/p-213813/real-madrid-2021-2022-home-mini-kit-puskas-10.html,ˆ71.05,ˆ42.24,ˆ6.04
Real Madrid 2021-2022 Home Mini Kit (NACHO 6),https://www.uksoccershop.com/p-213812/real-madrid-2021-2022-home-mini-kit-nacho-6.html,ˆ71.05,ˆ42.24,ˆ6.04
Real Madrid 2021-2022 Home Mini Kit (MODRIC 10),https://www.uksoccershop.com/p-213811/real-madrid-2021-2022-home-mini-kit-modric-10.html,ˆ71.05,ˆ42.24,ˆ6.04
Real Madrid 2021-2022 Home Mini Kit (F MENDY 23),https://www.uksoccershop.com/p-213810/real-madrid-2021-2022-home-mini-kit-mendy-23.html,ˆ71.05,ˆ42.24,ˆ6.04
Real Madrid 2021-2022 Home Mini Kit (MARCELO 12),https://www.uksoccershop.com/p-213809/real-madrid-2021-2022-home-mini-kit-marcelo-12.html,ˆ71.05,ˆ42.24,ˆ6.04
Real Madrid 2021-2022 Home Mini Kit (KROOS 8),https://www.uksoccershop.com/p-213808/real-madrid-2021-2022-home-mini-kit-kroos-8.html,ˆ71.05,ˆ42.24,ˆ6.04
Real Madrid 2021-2022 Home Mini Kit (KAKA 8),https://www.uksoccershop.com/p-213807/real-madrid-2021-2022-home-mini-kit-kaka-8.html,ˆ71.05,ˆ42.24,ˆ6.04
Real Madrid 2021-2022 Home Mini Kit (ISCO 22),https://www.uksoccershop.com/p-213806/real-madrid-2021-2022-home-mini-kit-isco-8.html,ˆ71.05,ˆ42.24,ˆ6.04
Real Madrid 2021-2022 Home Mini Kit (HAZARD 7),https://www.uksoccershop.com/p-213805/real-madrid-2021-2022-home-mini-kit-hazard-7.html,ˆ71.05,ˆ42.24,ˆ6.04
Real Madrid 2021-2022 Home Mini Kit (FIGO 10),https://www.uksoccershop.com/p-213804/real-madrid-2021-2022-home-mini-kit-figo-10.html,ˆ71.05,ˆ42.24,ˆ6.04
Real Madrid 2021-2022 Home Mini Kit (DI STEFANO 9),https://www.uksoccershop.com/p-213803/real-madrid-2021-2022-home-mini-kit-di-stefano-9.html,ˆ71.05,ˆ42.24,ˆ6.04
Real Madrid 2021-2022 Home Mini Kit (CASEMIRO 14),https://www.uksoccershop.com/p-213802/real-madrid-2021-2022-home-mini-kit-casemiro-14.html,ˆ71.05,ˆ42.24,ˆ6.04
Real Madrid 2021-2022 Home Mini Kit (CARVAJAL 2),https://www.uksoccershop.com/p-213801/real-madrid-2021-2022-home-mini-kit-carvajal-2.html,ˆ71.05,ˆ42.24,ˆ6.04
Real Madrid 2021-2022 Home Mini Kit (BENZEMA 9),https://www.uksoccershop.com/p-213800/real-madrid-2021-2022-home-mini-kit-benzema-9.html,ˆ71.05,ˆ42.24,ˆ6.04
Real Madrid 2021-2022 Home Mini Kit (BECKHAM 23),https://www.uksoccershop.com/p-213799/real-madrid-2021-2022-home-mini-kit-beckham-23.html,ˆ71.05,ˆ42.24,ˆ6.04
Real Madrid 2021-2022 Home Mini Kit (BALE 18),https://www.uksoccershop.com/p-213798/real-madrid-2021-2022-home-mini-kit-bale-11.html,ˆ71.05,ˆ42.24,ˆ6.04
Real Madrid 2021-2022 Home Mini Kit (ASENSIO 11),https://www.uksoccershop.com/p-213797/real-madrid-2021-2022-home-mini-kit-asensio-11.html,ˆ71.05,ˆ42.24,ˆ6.04
Real Madrid 2021-2022 Away Shirt (Kids) (CAMAVINGA 25),https://www.uksoccershop.com/p-230508/real-madrid-2021-2022-away-shirt-kids-camavinga-25.html,ˆ88.77,ˆ42.24,ˆ6.04
Real Madrid 2021-2022 Away Shirt (CAMAVINGA 25),https://www.uksoccershop.com/p-230507/real-madrid-2021-2022-away-shirt-camavinga-25.html,ˆ112.46,ˆ42.24,ˆ6.04
Real Madrid 2021-2022 Long Sleeve Away Shirt (CAMAVINGA 25),https://www.uksoccershop.com/p-230506/real-madrid-2021-2022-long-sleeve-away-shirt-camavinga-25.html,ˆ112.46,ˆ42.24,ˆ6.04
Real Madrid 2021-2022 Womens Away Shirt (CAMAVINGA 25),https://www.uksoccershop.com/p-230504/real-madrid-2021-2022-womens-away-shirt-camavinga-25.html,ˆ100.61,ˆ42.24,ˆ6.04
Real Madrid 2021-2022 Away Shirt (Kids) (Your Name),https://www.uksoccershop.com/p-224518/real-madrid-2021-2022-away-shirt-kids-your-name.html,ˆ88.77,ˆ42.24,ˆ6.04
Real Madrid 2021-2022 Away Shirt (Kids) (ALABA 4),https://www.uksoccershop.com/p-224517/real-madrid-2021-2022-away-shirt-kids-alaba-4.html,ˆ88.77,ˆ42.24,ˆ6.04
Real Madrid 2021-2022 Away Shirt (Kids) (ZIDANE 5),https://www.uksoccershop.com/p-224516/real-madrid-2021-2022-away-shirt-kids-zidane-5.html,ˆ88.77,ˆ42.24,ˆ6.04
Real Madrid 2021-2022 Away Shirt (Kids) (VINI JR 20),https://www.uksoccershop.com/p-224515/real-madrid-2021-2022-away-shirt-kids-vinicius-jr-20.html,ˆ88.77,ˆ42.24,ˆ6.04
Real Madrid 2021-2022 Away Shirt (Kids) (LUCAS V 17),https://www.uksoccershop.com/p-224514/real-madrid-2021-2022-away-shirt-kids-vazquez-17.html,ˆ88.77,ˆ42.24,ˆ6.04
Real Madrid 2021-2022 Away Shirt (Kids) (VARANE 5),https://www.uksoccershop.com/p-224513/real-madrid-2021-2022-away-shirt-kids-varane-5.html,ˆ88.77,ˆ42.24,ˆ6.04
Real Madrid 2021-2022 Away Shirt (Kids) (VALVERDE 15),https://www.uksoccershop.com/p-224512/real-madrid-2021-2022-away-shirt-kids-valverde-15.html,ˆ88.77,ˆ42.24,ˆ6.04
Real Madrid 2021-2022 Away Shirt (Kids) (SERGIO RAMOS 4),https://www.uksoccershop.com/p-224511/real-madrid-2021-2022-away-shirt-kids-sergio-ramos-4.html,ˆ88.77,ˆ42.24,ˆ6.04
Real Madrid 2021-2022 Away Shirt (Kids) (RONALDO 7),https://www.uksoccershop.com/p-224510/real-madrid-2021-2022-away-shirt-kids-ronaldo-7.html,ˆ88.77,ˆ42.24,ˆ6.04
Real Madrid 2021-2022 Away Shirt (Kids) (RODRYGO 21),https://www.uksoccershop.com/p-224509/real-madrid-2021-2022-away-shirt-kids-rodrygo-25.html,ˆ88.77,ˆ42.24,ˆ6.04
Real Madrid 2021-2022 Away Shirt (Kids) (RAUL 7),https://www.uksoccershop.com/p-224508/real-madrid-2021-2022-away-shirt-kids-raul-7.html,ˆ88.77,ˆ42.24,ˆ6.04
Real Madrid 2021-2022 Away Shirt (Kids) (R CARLOS 3),https://www.uksoccershop.com/p-224507/real-madrid-2021-2022-away-shirt-kids-r-carlos-3.html,ˆ88.77,ˆ42.24,ˆ6.04
Real Madrid 2021-2022 Away Shirt (Kids) (PUSKAS 10),https://www.uksoccershop.com/p-224506/real-madrid-2021-2022-away-shirt-kids-puskas-10.html,ˆ88.77,ˆ42.24,ˆ6.04
Real Madrid 2021-2022 Away Shirt (Kids) (NACHO 6),https://www.uksoccershop.com/p-224505/real-madrid-2021-2022-away-shirt-kids-nacho-6.html,ˆ88.77,ˆ42.24,ˆ6.04
Real Madrid 2021-2022 Away Shirt (Kids) (MODRIC 10),https://www.uksoccershop.com/p-224504/real-madrid-2021-2022-away-shirt-kids-modric-10.html,ˆ88.77,ˆ42.24,ˆ6.04
Real Madrid 2021-2022 Away Shirt (Kids) (F MENDY 23),https://www.uksoccershop.com/p-224503/real-madrid-2021-2022-away-shirt-kids-mendy-23.html,ˆ88.77,ˆ42.24,ˆ6.04
Real Madrid 2021-2022 Away Shirt (Kids) (MARCELO 12),https://www.uksoccershop.com/p-224502/real-madrid-2021-2022-away-shirt-kids-marcelo-12.html,ˆ88.77,ˆ42.24,ˆ6.04
Real Madrid 2021-2022 Away Shirt (Kids) (KROOS 8),https://www.uksoccershop.com/p-224501/real-madrid-2021-2022-away-shirt-kids-kroos-8.html,ˆ88.77,ˆ42.24,ˆ6.04
Real Madrid 2021-2022 Away Shirt (Kids) (KAKA 8),https://www.uksoccershop.com/p-224500/real-madrid-2021-2022-away-shirt-kids-kaka-8.html,ˆ88.77,ˆ42.24,ˆ6.04
Real Madrid 2021-2022 Away Shirt (Kids) (ISCO 22),https://www.uksoccershop.com/p-224499/real-madrid-2021-2022-away-shirt-kids-isco-8.html,ˆ88.77,ˆ42.24,ˆ6.04
Real Madrid 2021-2022 Away Shirt (Kids) (HAZARD 7),https://www.uksoccershop.com/p-224498/real-madrid-2021-2022-away-shirt-kids-hazard-7.html,ˆ88.77,ˆ42.24,ˆ6.04
Real Madrid 2021-2022 Away Shirt (Kids) (FIGO 10),https://www.uksoccershop.com/p-224497/real-madrid-2021-2022-away-shirt-kids-figo-10.html,ˆ88.77,ˆ42.24,ˆ6.04
Real Madrid 2021-2022 Away Shirt (Kids) (DI STEFANO 9),https://www.uksoccershop.com/p-224496/real-madrid-2021-2022-away-shirt-kids-di-stefano-9.html,ˆ88.77,ˆ42.24,ˆ6.04
Real Madrid 2021-2022 Away Shirt (Kids) (CASEMIRO 14),https://www.uksoccershop.com/p-224495/real-madrid-2021-2022-away-shirt-kids-casemiro-14.html,ˆ88.77,ˆ42.24,ˆ6.04
Real Madrid 2021-2022 Away Shirt (Kids) (CARVAJAL 2),https://www.uksoccershop.com/p-224494/real-madrid-2021-2022-away-shirt-kids-carvajal-2.html,ˆ88.77,ˆ42.24,ˆ6.04
Real Madrid 2021-2022 Away Shirt (Kids) (BENZEMA 9),https://www.uksoccershop.com/p-224493/real-madrid-2021-2022-away-shirt-kids-benzema-9.html,ˆ88.77,ˆ42.24,ˆ6.04
Real Madrid 2021-2022 Away Shirt (Kids) (BECKHAM 23),https://www.uksoccershop.com/p-224492/real-madrid-2021-2022-away-shirt-kids-beckham-23.html,ˆ88.77,ˆ42.24,ˆ6.04
Real Madrid 2021-2022 Away Shirt (Kids) (BALE 18),https://www.uksoccershop.com/p-224491/real-madrid-2021-2022-away-shirt-kids-bale-11.html,ˆ88.77,ˆ42.24,ˆ6.04
Real Madrid 2021-2022 Away Shirt (Kids) (ASENSIO 11),https://www.uksoccershop.com/p-224490/real-madrid-2021-2022-away-shirt-kids-asensio-11.html,ˆ88.77,ˆ42.24,ˆ6.04
Real Madrid 2021-2022 Away Shirt (Your Name),https://www.uksoccershop.com/p-224489/real-madrid-2021-2022-away-shirt-your-name.html,ˆ112.46,ˆ42.24,ˆ6.04
Real Madrid 2021-2022 Away Shirt (ALABA 4),https://www.uksoccershop.com/p-224488/real-madrid-2021-2022-away-shirt-alaba-4.html,ˆ112.46,ˆ42.24,ˆ6.04
Real Madrid 2021-2022 Away Shirt (ZIDANE 5),https://www.uksoccershop.com/p-224487/real-madrid-2021-2022-away-shirt-zidane-5.html,ˆ112.46,ˆ42.24,ˆ6.04
Real Madrid 2021-2022 Away Shirt (VINI JR 20),https://www.uksoccershop.com/p-224486/real-madrid-2021-2022-away-shirt-vinicius-jr-20.html,ˆ112.46,ˆ42.24,ˆ6.04
Real Madrid 2021-2022 Away Shirt (LUCAS V 17),https://www.uksoccershop.com/p-224485/real-madrid-2021-2022-away-shirt-vazquez-17.html,ˆ112.46,ˆ42.24,ˆ6.04
Real Madrid 2021-2022 Away Shirt (VARANE 5),https://www.uksoccershop.com/p-224484/real-madrid-2021-2022-away-shirt-varane-5.html,ˆ112.46,ˆ42.24,ˆ6.04
Real Madrid 2021-2022 Away Shirt (VALVERDE 15),https://www.uksoccershop.com/p-224483/real-madrid-2021-2022-away-shirt-valverde-15.html,ˆ112.46,ˆ42.24,ˆ6.04
Real Madrid 2021-2022 Away Shirt (SERGIO RAMOS 4),https://www.uksoccershop.com/p-224482/real-madrid-2021-2022-away-shirt-sergio-ramos-4.html,ˆ112.46,ˆ42.24,ˆ6.04
Real Madrid 2021-2022 Away Shirt (RONALDO 7),https://www.uksoccershop.com/p-224481/real-madrid-2021-2022-away-shirt-ronaldo-7.html,ˆ112.46,ˆ42.24,ˆ6.04
Real Madrid 2021-2022 Away Shirt (RODRYGO 21),https://www.uksoccershop.com/p-224480/real-madrid-2021-2022-away-shirt-rodrygo-25.html,ˆ112.46,ˆ42.24,ˆ6.04
Real Madrid 2021-2022 Away Shirt (RAUL 7),https://www.uksoccershop.com/p-224479/real-madrid-2021-2022-away-shirt-raul-7.html,ˆ112.46,ˆ42.24,ˆ6.04
Real Madrid 2021-2022 Away Shirt (R CARLOS 3),https://www.uksoccershop.com/p-224478/real-madrid-2021-2022-away-shirt-r-carlos-3.html,ˆ112.46,ˆ42.24,ˆ6.04
Real Madrid 2021-2022 Away Shirt (PUSKAS 10),https://www.uksoccershop.com/p-224477/real-madrid-2021-2022-away-shirt-puskas-10.html,ˆ112.46,ˆ42.24,ˆ6.04
Real Madrid 2021-2022 Away Shirt (NACHO 6),https://www.uksoccershop.com/p-224476/real-madrid-2021-2022-away-shirt-nacho-6.html,ˆ112.46,ˆ42.24,ˆ6.04
Real Madrid 2021-2022 Away Shirt (MODRIC 10),https://www.uksoccershop.com/p-224475/real-madrid-2021-2022-away-shirt-modric-10.html,ˆ112.46,ˆ42.24,ˆ6.04
Real Madrid 2021-2022 Away Shirt (F MENDY 23),https://www.uksoccershop.com/p-224474/real-madrid-2021-2022-away-shirt-mendy-23.html,ˆ112.46,ˆ42.24,ˆ6.04
Real Madrid 2021-2022 Away Shirt (MARCELO 12),https://www.uksoccershop.com/p-224473/real-madrid-2021-2022-away-shirt-marcelo-12.html,ˆ112.46,ˆ42.24,ˆ6.04
Real Madrid 2021-2022 Away Shirt (KROOS 8),https://www.uksoccershop.com/p-224472/real-madrid-2021-2022-away-shirt-kroos-8.html,ˆ112.46,ˆ42.24,ˆ6.04
Real Madrid 2021-2022 Away Shirt (KAKA 8),https://www.uksoccershop.com/p-224471/real-madrid-2021-2022-away-shirt-kaka-8.html,ˆ112.46,ˆ42.24,ˆ6.04
Real Madrid 2021-2022 Away Shirt (ISCO 22),https://www.uksoccershop.com/p-224470/real-madrid-2021-2022-away-shirt-isco-8.html,ˆ112.46,ˆ42.24,ˆ6.04
Real Madrid 2021-2022 Away Shirt (HAZARD 7),https://www.uksoccershop.com/p-224469/real-madrid-2021-2022-away-shirt-hazard-7.html,ˆ112.46,ˆ42.24,ˆ6.04
Real Madrid 2021-2022 Away Shirt (FIGO 10),https://www.uksoccershop.com/p-224468/real-madrid-2021-2022-away-shirt-figo-10.html,ˆ112.46,ˆ42.24,ˆ6.04
Real Madrid 2021-2022 Away Shirt (DI STEFANO 9),https://www.uksoccershop.com/p-224467/real-madrid-2021-2022-away-shirt-di-stefano-9.html,ˆ112.46,ˆ42.24,ˆ6.04
Real Madrid 2021-2022 Away Shirt (CASEMIRO 14),https://www.uksoccershop.com/p-224466/real-madrid-2021-2022-away-shirt-casemiro-14.html,ˆ112.46,ˆ42.24,ˆ6.04
Real Madrid 2021-2022 Away Shirt (CARVAJAL 2),https://www.uksoccershop.com/p-224465/real-madrid-2021-2022-away-shirt-carvajal-2.html,ˆ112.46,ˆ42.24,ˆ6.04
Real Madrid 2021-2022 Away Shirt (BENZEMA 9),https://www.uksoccershop.com/p-224464/real-madrid-2021-2022-away-shirt-benzema-9.html,ˆ112.46,ˆ42.24,ˆ6.04
Real Madrid 2021-2022 Away Shirt (BECKHAM 23),https://www.uksoccershop.com/p-224463/real-madrid-2021-2022-away-shirt-beckham-23.html,ˆ112.46,ˆ42.24,ˆ6.04
Real Madrid 2021-2022 Away Shirt (BALE 18),https://www.uksoccershop.com/p-224462/real-madrid-2021-2022-away-shirt-bale-11.html,ˆ112.46,ˆ42.24,ˆ6.04
Real Madrid 2021-2022 Away Shirt (ASENSIO 11),https://www.uksoccershop.com/p-224461/real-madrid-2021-2022-away-shirt-asensio-11.html,ˆ112.46,ˆ42.24,ˆ6.04
Real Madrid 2021-2022 Long Sleeve Away Shirt (Your Name),https://www.uksoccershop.com/p-224460/real-madrid-2021-2022-long-sleeve-away-shirt-your-name.html,ˆ112.46,ˆ42.24,ˆ6.04
Real Madrid 2021-2022 Long Sleeve Away Shirt (ALABA 4),https://www.uksoccershop.com/p-224459/real-madrid-2021-2022-long-sleeve-away-shirt-alaba-4.html,ˆ112.46,ˆ42.24,ˆ6.04
Real Madrid 2021-2022 Long Sleeve Away Shirt (ZIDANE 5),https://www.uksoccershop.com/p-224458/real-madrid-2021-2022-long-sleeve-away-shirt-zidane-5.html,ˆ112.46,ˆ42.24,ˆ6.04
Real Madrid 2021-2022 Long Sleeve Away Shirt (VINI JR 20),https://www.uksoccershop.com/p-224457/real-madrid-2021-2022-long-sleeve-away-shirt-vinicius-jr-20.html,ˆ112.46,ˆ42.24,ˆ6.04
Real Madrid 2021-2022 Long Sleeve Away Shirt (LUCAS V 17),https://www.uksoccershop.com/p-224456/real-madrid-2021-2022-long-sleeve-away-shirt-vazquez-17.html,ˆ112.46,ˆ42.24,ˆ6.04
Real Madrid 2021-2022 Long Sleeve Away Shirt (VARANE 5),https://www.uksoccershop.com/p-224455/real-madrid-2021-2022-long-sleeve-away-shirt-varane-5.html,ˆ112.46,ˆ42.24,ˆ6.04
Real Madrid 2021-2022 Long Sleeve Away Shirt (VALVERDE 15),https://www.uksoccershop.com/p-224454/real-madrid-2021-2022-long-sleeve-away-shirt-valverde-15.html,ˆ112.46,ˆ42.24,ˆ6.04
